symbol,max_expiry,min_days,max_days
A,20270115.0,35.0,609.0
AA,20270115.0,7.0,609.0
AAAU,20251219.0,35.0,217.0
AADI,,,
AAL,20271217.0,7.0,945.0
AAMI,20260116.0,35.0,245.0
AAOI,20270115.0,7.0,609.0
AAON,20260116.0,35.0,245.0
AAP,20270115.0,7.0,609.0
AAPB,20260116.0,35.0,245.0
AAPD,20260116.0,35.0,245.0
AAPL,20271217.0,7.0,945.0
AAPU,20260116.0,35.0,245.0
AAPW,20251219.0,35.0,217.0
AAPX,20251219.0,35.0,217.0
AAPY,20260116.0,35.0,245.0
AAT,20260116.0,35.0,245.0
AAXJ,20251219.0,35.0,217.0
AB,20260116.0,35.0,245.0
ABAT,20251219.0,35.0,217.0
ABBV,20270115.0,7.0,609.0
ABCB,20260116.0,35.0,245.0
ABCL,20260116.0,35.0,245.0
ABEO,20251219.0,35.0,217.0
ABEV,20270115.0,35.0,609.0
ABFL,20251219.0,35.0,217.0
ABG,20260116.0,35.0,245.0
ABL,20270115.0,35.0,609.0
ABM,20260116.0,35.0,245.0
ABNB,20270115.0,7.0,609.0
ABNY,20260116.0,35.0,245.0
ABOS,20260116.0,35.0,245.0
ABR,20270115.0,7.0,609.0
ABSI,20251121.0,35.0,189.0
ABT,20270115.0,7.0,609.0
ABUS,20270115.0,35.0,609.0
ACA,20251219.0,35.0,217.0
ACAD,20251219.0,35.0,217.0
ACB,20270115.0,35.0,609.0
ACCD,,,
ACCO,20251219.0,35.0,217.0
ACDC,20251121.0,35.0,189.0
ACEL,20260116.0,35.0,245.0
ACES,20251219.0,35.0,217.0
ACET,20260116.0,35.0,245.0
ACGL,20251219.0,35.0,217.0
ACHC,20260116.0,35.0,245.0
ACHR,20270115.0,7.0,609.0
ACHV,20251219.0,35.0,217.0
ACI,20270115.0,7.0,609.0
ACIC,20251121.0,35.0,189.0
ACIO,20251121.0,35.0,189.0
ACIU,20251121.0,35.0,189.0
ACIW,20251121.0,35.0,189.0
ACLS,20251219.0,35.0,217.0
ACLX,20251219.0,35.0,217.0
ACM,20260417.0,35.0,336.0
ACMR,20270115.0,35.0,609.0
ACN,20270115.0,7.0,609.0
ACNB,20260116.0,35.0,245.0
ACNT,20251219.0,35.0,217.0
ACR,20251121.0,35.0,189.0
ACRE,20251121.0,35.0,189.0
ACRS,20251219.0,35.0,217.0
ACT,20260116.0,35.0,245.0
ACTG,20251121.0,35.0,189.0
ACVA,20251121.0,35.0,189.0
ACWI,20270115.0,35.0,609.0
ACWV,20260116.0,35.0,245.0
ACWX,20251219.0,35.0,217.0
ACXP,20260116.0,35.0,245.0
ADAP,20251219.0,35.0,217.0
ADBE,20271217.0,7.0,945.0
ADC,20260116.0,35.0,245.0
ADCT,20260116.0,35.0,245.0
ADEA,20251219.0,35.0,217.0
ADI,20270617.0,7.0,762.0
ADM,20270115.0,7.0,609.0
ADMA,20270115.0,35.0,609.0
ADNT,20260116.0,35.0,245.0
ADP,20270115.0,7.0,609.0
ADPT,20260116.0,35.0,245.0
ADSE,20251121.0,35.0,189.0
ADSK,20270617.0,7.0,762.0
ADT,20251121.0,35.0,189.0
ADTN,20251121.0,35.0,189.0
ADUS,20260116.0,35.0,245.0
ADV,20251121.0,35.0,189.0
ADVM,20251219.0,35.0,217.0
AEE,20260116.0,35.0,245.0
AEG,20260116.0,35.0,245.0
AEHR,20270115.0,35.0,609.0
AEIS,20260116.0,35.0,245.0
AEM,20270617.0,7.0,762.0
AEO,20270115.0,7.0,609.0
AEP,20270115.0,35.0,609.0
AER,20270115.0,35.0,609.0
AES,20270115.0,7.0,609.0
AESI,20260116.0,35.0,245.0
AETH,20251219.0,35.0,217.0
AEVA,20270115.0,35.0,609.0
AEYE,20251219.0,35.0,217.0
AFCG,20260116.0,35.0,245.0
AFG,20251219.0,35.0,217.0
AFK,20251219.0,35.0,217.0
AFL,20270115.0,7.0,609.0
AFMD,20260116.0,35.0,245.0
AFRM,20270115.0,7.0,609.0
AFYA,20251219.0,35.0,217.0
AG,20270115.0,7.0,609.0
AGCO,20251121.0,35.0,189.0
AGEN,20251121.0,35.0,189.0
AGG,20251219.0,35.0,217.0
AGGY,20260116.0,35.0,245.0
AGI,20270115.0,35.0,609.0
AGIO,20251219.0,35.0,217.0
AGL,20270115.0,35.0,609.0
AGM,20251121.0,35.0,189.0
AGNC,20270115.0,7.0,609.0
AGNG,20260116.0,35.0,245.0
AGO,20260116.0,35.0,245.0
AGQ,20270115.0,7.0,609.0
AGRO,20251219.0,35.0,217.0
AGS,20260116.0,35.0,245.0
AGX,20260116.0,35.0,245.0
AGYS,20260116.0,35.0,245.0
AGZ,20251121.0,35.0,189.0
AHCO,20270115.0,35.0,609.0
AHH,20251121.0,35.0,189.0
AHR,20260116.0,35.0,245.0
AI,20270115.0,7.0,609.0
AIA,20251121.0,35.0,189.0
AIBU,20260116.0,35.0,245.0
AIEQ,20260116.0,35.0,245.0
AIFD,20251219.0,28.0,217.0
AIFU,20260116.0,35.0,245.0
AIG,20270115.0,7.0,609.0
AIN,20251219.0,35.0,217.0
AIOT,20260116.0,35.0,245.0
AIP,20260116.0,35.0,245.0
AIPI,20251219.0,35.0,217.0
AIQ,20251121.0,35.0,189.0
AIR,20251219.0,35.0,217.0
AIRG,20251121.0,35.0,189.0
AIRJ,20251121.0,35.0,189.0
AIRR,20251121.0,35.0,189.0
AIRS,20260116.0,35.0,245.0
AISP,20270115.0,35.0,609.0
AIT,20251121.0,35.0,189.0
AIV,20260116.0,35.0,245.0
AIVC,20251121.0,35.0,189.0
AIVI,20251219.0,35.0,217.0
AIVL,20251121.0,35.0,189.0
AIYY,20260116.0,35.0,245.0
AIZ,20251219.0,35.0,217.0
AJG,20260116.0,35.0,245.0
AKAM,20270115.0,7.0,609.0
AKBA,20260116.0,35.0,245.0
AKR,20251219.0,35.0,217.0
AKRO,20260116.0,35.0,245.0
AKTSQ,,,
AKYA,20260116.0,35.0,245.0
AL,20251121.0,35.0,189.0
ALAB,20270115.0,7.0,609.0
ALB,20270115.0,7.0,609.0
ALC,20251121.0,35.0,189.0
ALDX,20260116.0,35.0,245.0
ALE,20260116.0,35.0,245.0
ALEC,20260116.0,35.0,245.0
ALEX,20251219.0,35.0,217.0
ALG,20251219.0,35.0,217.0
ALGM,20270115.0,35.0,609.0
ALGN,20270115.0,7.0,609.0
ALGT,20260116.0,35.0,245.0
ALHC,20271217.0,35.0,945.0
ALIT,20270115.0,35.0,609.0
ALK,20270115.0,35.0,609.0
ALKS,20251121.0,35.0,189.0
ALKT,20260116.0,35.0,245.0
ALL,20270115.0,35.0,609.0
ALLE,20251219,35.0,217.0
ALLK,,,
ALLO,20251121,35.0,189.0
ALLT,20251219,35.0,217.0
ALLY,20270115,7.0,609.0
ALMS,20260116,35.0,245.0
ALNT,20260116,35.0,245.0
ALNY,20270115,35.0,609.0
ALPP,,,
ALRM,20251219,35.0,217.0
ALRS,20260116,35.0,245.0
ALSN,20251219,35.0,217.0
ALT,20270115,7.0,609.0
ALTG,20260116,35.0,245.0
ALTL,20251121,35.0,189.0
ALTO,20260116,35.0,245.0
ALTR,,,
ALTS,20251121,35.0,189.0
ALTY,20251121,35.0,189.0
ALV,20251219,35.0,217.0
ALXO,20270115,35.0,609.0
AM,20270115,35.0,609.0
AMAL,20251121,35.0,189.0
AMAT,20271217,7.0,945.0
AMBA,20270115,7.0,609.0
AMBC,20270115,35.0,609.0
AMBP,20260116,35.0,245.0
AMBR,20251219,35.0,217.0
AMC,20270115,7.0,609.0
AMCR,20260116,35.0,245.0
AMCX,20251219,35.0,217.0
AMD,20271217,7.0,945.0
AMDL,20251219,35.0,217.0
AMDS,20260116,35.0,245.0
AMDY,20260116,35.0,245.0
AME,20251219,35.0,217.0
AMED,20270115,35.0,609.0
AMG,20251219,35.0,217.0
AMGN,20270115,7.0,609.0
AMH,20251219,35.0,217.0
AMKR,20270115,35.0,609.0
AMLP,20260116,35.0,245.0
AMLX,20260116,35.0,245.0
AMN,20260116,35.0,245.0
AMOM,20251219,35.0,217.0
AMP,20260116,35.0,245.0
AMPH,20251219,35.0,217.0
AMPL,20260116,35.0,245.0
AMPS,,,
AMPX,20270115,35.0,609.0
AMPY,20260116,35.0,245.0
AMR,20260116,35.0,245.0
AMRC,20260116,35.0,245.0
AMRK,20251219,35.0,217.0
AMRN,20251219,35.0,217.0
AMRX,20251219,35.0,217.0
AMSC,20270115,35.0,609.0
AMSF,20260116,35.0,245.0
AMT,20270115,35.0,609.0
AMTB,20260116,35.0,245.0
AMTM,20270115,35.0,609.0
AMTX,20260116,35.0,245.0
AMWD,20260116,35.0,245.0
AMWL,20251219,35.0,217.0
AMX,20251121,35.0,189.0
AMZA,20251219,35.0,217.0
AMZD,20260116,35.0,245.0
AMZN,20271217,7.0,945.0
AMZP,20260116,35.0,245.0
AMZU,20260116,35.0,245.0
AMZY,20260116,35.0,245.0
AMZZ,20251219,35.0,217.0
AN,20260116,35.0,245.0
ANAB,20251121,35.0,189.0
ANDE,20251219,35.0,217.0
ANET,20270115,7.0,609.0
ANEW,20251219,35.0,217.0
ANF,20270115,7.0,609.0
ANGI,20251219,35.0,217.0
ANGL,20260116,35.0,245.0
ANGO,20260116,35.0,245.0
ANIK,20251219,35.0,217.0
ANIP,20260116,35.0,245.0
ANIX,20260116,35.0,245.0
ANNX,20260116,35.0,245.0
ANRO,20260116,35.0,245.0
ANSS,20260116,35.0,245.0
ANVS,20270115,7.0,609.0
ANY,20251219,35.0,217.0
AOA,20251219,35.0,217.0
AOM,20251219,35.0,217.0
AON,20260116,35.0,245.0
AOR,20251219,35.0,217.0
AORT,20260116,35.0,245.0
AOS,20260116,35.0,245.0
AOSL,20251219,35.0,217.0
AOUT,20260116,35.0,245.0
AP,20251219,35.0,217.0
APA,20270115,7.0,609.0
APAM,20251219,35.0,217.0
APD,20270115,35.0,609.0
APEI,20251219,35.0,217.0
APG,20260116,35.0,245.0
APGE,20270115,35.0,609.0
APH,20270115,35.0,609.0
API,20251219,35.0,217.0
APLD,20270115,7.0,609.0
APLE,20260116,35.0,245.0
APLS,20270115,35.0,609.0
APLT,20260116,35.0,245.0
APLY,20260116,35.0,245.0
APO,20270115,7.0,609.0
APOG,20251121,35.0,189.0
APP,20270617,7.0,762.0
APPF,20260116,35.0,245.0
APPN,20260116,35.0,245.0
APPS,20270115,35.0,609.0
APPX,20251219,35.0,217.0
APT,20251121,7.0,189.0
APTV,20270115,35.0,609.0
APYX,20251121,35.0,189.0
AQMS,20260116,35.0,245.0
AQN,20260116,35.0,245.0
AQST,20251121,35.0,189.0
AQWA,20260116,35.0,245.0
AR,20270115,7.0,609.0
ARAY,20251219,35.0,217.0
ARBE,20251121,35.0,189.0
ARBK,20260116,35.0,245.0
ARCB,20260116,35.0,245.0
ARCC,20270115,35.0,609.0
ARCO,20251121,35.0,189.0
ARCT,20251219,35.0,217.0
ARDT,20270115,35.0,609.0
ARDX,20270115,35.0,609.0
ARE,20260116,35.0,245.0
AREC,20260116,35.0,245.0
AREN,20251121,35.0,189.0
ARES,20251219,35.0,217.0
ARGT,20260116,35.0,245.0
ARGX,20251219,35.0,217.0
ARHS,20270115,35.0,609.0
ARI,20251219,35.0,217.0
ARIS,20260116,35.0,245.0
ARKA,20251219,35.0,217.0
ARKB,20251219,35.0,217.0
ARKD,20260116,35.0,245.0
ARKF,20260116,35.0,245.0
ARKG,20270115,7.0,609.0
ARKK,20270115,7.0,609.0
ARKO,20251219,35.0,217.0
ARKQ,20251219,35.0,217.0
ARKW,20251219,35.0,217.0
ARKX,20251121,35.0,189.0
ARKZ,20251219,35.0,217.0
ARLO,20260116,35.0,245.0
ARLP,20251219,35.0,217.0
ARM,20270617,7.0,762.0
ARMK,20260116,35.0,245.0
ARMP,20251121,35.0,189.0
ARMU,20251219,35.0,217.0
AROC,20251219,35.0,217.0
AROW,20251219,35.0,217.0
ARQ,20251219,35.0,217.0
ARQQ,20251219,35.0,217.0
ARQT,20270115,35.0,609.0
ARR,20260116,35.0,245.0
ARRY,20270115,35.0,609.0
ARTY,20251219,35.0,217.0
ARVN,20260116,35.0,245.0
ARVR,20260116,35.0,245.0
ARW,20251219,35.0,217.0
ARWR,20251219,35.0,217.0
AS,20251219,35.0,217.0
ASA,20251121,35.0,189.0
ASAIY,,,
ASAN,20270115,7.0,609.0
ASB,20251219,35.0,217.0
ASC,20260116,35.0,245.0
ASEA,20251121,35.0,189.0
ASGN,20251219,35.0,217.0
ASH,20260116,35.0,245.0
ASHR,20270115,7.0,609.0
ASHS,20251219,35.0,217.0
ASIX,20251219,35.0,217.0
ASLE,20260116,35.0,245.0
ASMG,20251121,35.0,189.0
ASML,20270617,7.0,762.0
ASND,20260618,35.0,398.0
ASO,20270115,7.0,609.0
ASPI,20260116,35.0,245.0
ASPN,20270115,7.0,609.0
ASR,20251219,35.0,217.0
ASRT,20251219,35.0,217.0
ASRV,20251219,35.0,217.0
ASTE,20251219,35.0,217.0
ASTH,20251121,35.0,189.0
ASTL,20260116,35.0,245.0
ASTS,20270115,7.0,609.0
ASUR,20251219,35.0,217.0
ASX,20251219,35.0,217.0
ASYS,20251121,35.0,189.0
ATAI,20251121,35.0,189.0
ATAT,20251121,35.0,189.0
ATEC,20270115,35.0,609.0
ATEN,20251219,35.0,217.0
ATER,20251121,35.0,189.0
ATEX,20251219,35.0,217.0
ATGE,20251219,35.0,217.0
ATHA,20260116,35.0,245.0
ATHM,20251219,35.0,217.0
ATI,20260116,35.0,245.0
ATKR,20260116,35.0,245.0
ATLO,20260116,35.0,245.0
ATLX,20260116,35.0,245.0
ATMP,20260116,35.0,245.0
ATMU,20260116,35.0,245.0
ATNI,20251219,35.0,217.0
ATNM,20251121,35.0,189.0
ATO,20260116,35.0,245.0
ATOM,20260116,35.0,245.0
ATOS,20260116,35.0,245.0
ATR,20251121,35.0,189.0
ATRC,20260116,35.0,245.0
ATRO,20251219,35.0,217.0
ATS,20260116,35.0,245.0
ATSG,,,
ATUS,20270115,35.0,609.0
ATXS,20260116,35.0,245.0
ATYR,20270115,35.0,609.0
AU,20270115,35.0,609.0
AUB,20260116,35.0,245.0
AUDC,20251219,35.0,217.0
AUPH,20270115,35.0,609.0
AUR,20270115,7.0,609.0
AURA,20260116,35.0,245.0
AUTL,20251219,35.0,217.0
AVA,20251219,35.0,217.0
AVAH,20251219,35.0,217.0
AVAV,20270115,35.0,609.0
AVB,20260116,35.0,245.0
AVBP,20260116,35.0,245.0
AVD,20251121,35.0,189.0
AVDE,20251121,35.0,189.0
AVDL,20270115,35.0,609.0
AVDV,20251219,35.0,217.0
AVDX,20251121,35.0,189.0
AVEM,20251121,35.0,189.0
AVGE,20251121,35.0,189.0
AVGO,20271217,7.0,945.0
AVGV,20251121,35.0,189.0
AVGX,20251219,35.0,217.0
AVIE,20251121,35.0,189.0
AVIR,20260116,35.0,245.0
AVLC,20251121,35.0,189.0
AVLV,20251121,35.0,189.0
AVMA,20251121,35.0,189.0
AVMC,20251121,35.0,189.0
AVMU,20251121,35.0,189.0
AVMV,20251121,35.0,189.0
AVNM,20251121,35.0,189.0
AVNS,20260116,35.0,245.0
AVNT,20251219,35.0,217.0
AVNV,20251121,35.0,189.0
AVNW,20260116,35.0,245.0
AVO,20251121,35.0,189.0
AVPT,20260116,35.0,245.0
AVRE,20251121,35.0,189.0
AVSC,20251121,35.0,189.0
AVSU,20251121,35.0,189.0
AVT,20251121,35.0,189.0
AVTE,,,
AVTR,20270115,35.0,609.0
AVTX,20251121,35.0,189.0
AVUS,20251219,35.0,217.0
AVUV,20251219,35.0,217.0
AVXL,20270115,35.0,609.0
AVY,20260116,35.0,245.0
AWAY,20251121,35.0,189.0
AWI,20251219,35.0,217.0
AWK,20251219,35.0,217.0
AWR,20251219,35.0,217.0
AWRE,20260116,35.0,245.0
AX,20270115,35.0,609.0
AXDX,,,
AXGN,20260116,35.0,245.0
AXL,20260717,35.0,427.0
AXON,20270115,35.0,609.0
AXP,20270115,7.0,609.0
AXS,20251219,35.0,217.0
AXSM,20270115,35.0,609.0
AXTA,20260116,35.0,245.0
AXTI,20251121,35.0,189.0
AYI,20251121,35.0,189.0
AZ,20251121,35.0,189.0
AZEK,20251219,35.0,217.0
AZN,20270617,7.0,762.0
AZO,20260618,35.0,398.0
AZTA,20260116,35.0,245.0
AZUL,20270115,35.0,609.0
AZZ,20251121,35.0,189.0
B,20270115,7.0,609.0
BA,20270115,7.0,609.0
BAB,20251121,35.0,189.0
BABA,20271217,7.0,945.0
BABO,20251219,35.0,217.0
BABX,20251219,35.0,217.0
BAC,20270617,7.0,762.0
BAH,20251219,35.0,217.0
BAI,20260116,35.0,245.0
BALI,20260116,35.0,245.0
BALL,20270115,35.0,609.0
BALT,20251121,35.0,189.0
BAM,20260116,35.0,245.0
BANC,20260116,35.0,245.0
BAND,20251121,35.0,189.0
BANF,20251219,35.0,217.0
BANR,20251121,35.0,189.0
BANX,20260116,35.0,245.0
BAP,20251121,35.0,189.0
BARK,20251121,35.0,189.0
BASE,20260116,35.0,245.0
BATRA,20251121,35.0,189.0
BATRK,20251121,35.0,189.0
BATT,20251121,35.0,189.0
BAX,20270115,7.0,609.0
BB,20270115,7.0,609.0
BBAI,20270115,7.0,609.0
BBAR,20260116,35.0,245.0
BBAX,20260116,35.0,245.0
BBC,20260116,35.0,245.0
BBCA,20251219,35.0,217.0
BBCP,20251219,35.0,217.0
BBD,20270115,35.0,609.0
BBDC,20251219,35.0,217.0
BBEU,20251219,35.0,217.0
BBH,20251219,35.0,217.0
BBIN,20260116,35.0,245.0
BBIO,20270115,35.0,609.0
BBJP,20260116,35.0,245.0
BBMC,20260116,35.0,245.0
BBP,20260116,35.0,245.0
BBSI,20251121,35.0,189.0
BBU,20251219,35.0,217.0
BBUC,20260116,35.0,245.0
BBUS,20251121,35.0,189.0
BBVA,20260116,35.0,245.0
BBW,20251219,35.0,217.0
BBWI,20270115,7.0,609.0
BBY,20270115,7.0,609.0
BC,20251219,35.0,217.0
BCAB,20260116,35.0,245.0
BCAX,20260116,35.0,245.0
BCBP,20260116,35.0,245.0
BCC,20260116,35.0,245.0
BCD,20251219,35.0,217.0
BCE,20270115,35.0,609.0
BCH,20260116,35.0,245.0
BCI,20251121,35.0,189.0
BCIM,20260116,35.0,245.0
BCML,20251219,35.0,217.0
BCO,20251219,35.0,217.0
BCPC,20251121,35.0,189.0
BCRX,20270115,35.0,609.0
BCS,20270115,35.0,609.0
BCSF,20260116,35.0,245.0
BCYC,20251219,35.0,217.0
BDC,20251219,35.0,217.0
BDN,20260116,35.0,245.0
BDRY,20251121,35.0,189.0
BDSX,20260116,35.0,245.0
BDTX,20251219,35.0,217.0
BDX,20261218,35.0,581.0
BE,20270115,7.0,609.0
BEAM,20251219,35.0,217.0
BECN,,,
BEDZ,20251121,35.0,189.0
BEEM,20251121,35.0,189.0
BEKE,20270115,7.0,609.0
BELFB,20251219,35.0,217.0
BEN,20270115,35.0,609.0
BEP,20260320,35.0,308.0
BEPC,20251219,35.0,217.0
BERY,,,
BETZ,20260116,35.0,245.0
BFAM,20251219,35.0,217.0
BFH,20251219,35.0,217.0
BFIN,20260116,35.0,245.0
BFIX,20251121,35.0,189.0
BFLY,20260116,35.0,245.0
BFOR,20251121,35.0,189.0
BFS,20260116,35.0,245.0
BFST,20260116,35.0,245.0
BF_A,,,
BF_B,,,
BG,20260116,35.0,245.0
BGC,20251121,35.0,189.0
BGFV,20260116,35.0,245.0
BGS,20260116,35.0,245.0
BGSF,20260116,35.0,245.0
BHB,20260116,35.0,245.0
BHC,20271217,7.0,945.0
BHE,20260116,35.0,245.0
BHF,20251121,35.0,189.0
BHLB,20251219,35.0,217.0
BHP,20270115,35.0,609.0
BHR,20260116,35.0,245.0
BHVN,20270115,35.0,609.0
BIB,20251121,35.0,189.0
BIBL,20260116,35.0,245.0
BIDU,20270115,7.0,609.0
BIGC,20260116,35.0,245.0
BIGGQ,,,
BIGY,20251219,35.0,217.0
BIIB,20270115,7.0,609.0
BIL,20260320,35.0,308.0
BILI,20270115,7.0,609.0
BILL,20270115,7.0,609.0
BILS,20260116,35.0,245.0
BIO,20251219,35.0,217.0
BIOA,20260116,35.0,245.0
BIOX,20251121,35.0,189.0
BIP,20251219,35.0,217.0
BIPC,20260116,35.0,245.0
BIRK,20270115,35.0,609.0
BIS,20251121,35.0,189.0
BITB,20270115,35.0,609.0
BITF,20270115,7.0,609.0
BITI,20270115,35.0,609.0
BITO,20270115,7.0,609.0
BITQ,20260116,35.0,245.0
BITS,20260116,35.0,245.0
BITU,20260116,35.0,245.0
BITX,20270115,7.0,609.0
BIV,20260116,35.0,245.0
BIZD,20251121,35.0,189.0
BJ,20270115,35.0,609.0
BJK,20251219,35.0,217.0
BJRI,20260116,35.0,245.0
BK,20270115,7.0,609.0
BKCH,20260116,35.0,245.0
BKD,20260116,35.0,245.0
BKE,20251219,35.0,217.0
BKF,20251219,35.0,217.0
BKH,20251121,35.0,189.0
BKLC,20260116,35.0,245.0
BKLN,20260116,35.0,245.0
BKNG,20271217,7.0,945.0
BKR,20270115,35.0,609.0
BKSY,20251121,35.0,189.0
BKU,20251121,35.0,189.0
BKV,20251121,35.0,189.0
BKX,,,
BL,20251219,35.0,217.0
BLBD,20260116,35.0,245.0
BLCN,20260116,35.0,245.0
BLCO,20251219,35.0,217.0
BLD,20260116,35.0,245.0
BLDE,20251121,35.0,189.0
BLDP,20251121,35.0,189.0
BLDR,20270115,35.0,609.0
BLFS,20260116,35.0,245.0
BLFY,20260116,35.0,245.0
BLK,20270115,7.0,609.0
BLKB,20251219,35.0,217.0
BLKC,20251121,35.0,189.0
BLMN,20270115,35.0,609.0
BLND,20251121,35.0,189.0
BLNK,20270115,7.0,609.0
BLOK,20251121,35.0,189.0
BLRX,20251121,35.0,189.0
BLUE,20270115,35.0,609.0
BLV,20251219,35.0,217.0
BLX,20251219,35.0,217.0
BLZE,20260116,35.0,245.0
BMA,20260116,35.0,245.0
BMAX,20260116,35.0,245.0
BMBL,20270115,7.0,609.0
BMEA,20260116,35.0,245.0
BMED,20260116,35.0,245.0
BMI,20251121,35.0,189.0
BMO,20270115,35.0,609.0
BMRA,,,
BMRC,20260116,35.0,245.0
BMRN,20270115,35.0,609.0
BMY,20271217,7.0,945.0
BN,20260116,35.0,245.0
BND,20251219,35.0,217.0
BNDD,20260116,35.0,245.0
BNDW,20251219,35.0,217.0
BNDX,20251219,35.0,217.0
BNED,20251219,35.0,217.0
BNGE,20260116,35.0,245.0
BNL,20251121,35.0,189.0
BNO,20270115,35.0,609.0
BNS,20260116,35.0,245.0
BNT,20260116,35.0,245.0
BNTC,20260116,35.0,245.0
BNTX,20270115,35.0,609.0
BOAT,20251219,35.0,217.0
BOC,20251121,35.0,189.0
BOH,20260116,35.0,245.0
BOIL,20270115,7.0,609.0
BOKF,20251219,35.0,217.0
BOND,20251121,35.0,189.0
BOOM,20251219,35.0,217.0
BOOT,20251121,35.0,189.0
BORR,20251219,35.0,217.0
BOTZ,20260116,35.0,245.0
BOX,20270115,35.0,609.0
BP,20270115,7.0,609.0
BPMC,20260116,35.0,245.0
BPOP,20260116,35.0,245.0
BPT,20251219,35.0,217.0
BR,20251219,35.0,217.0
BRAG,20251219,35.0,217.0
BRBR,20251219,35.0,217.0
BRBS,20260116,35.0,245.0
BRC,20251121,35.0,189.0
BRCC,20260116,35.0,245.0
BRDG,20260116,35.0,245.0
BRF,20260116,35.0,245.0
BRFS,20251219,35.0,217.0
BRKL,20251219,35.0,217.0
BRKR,20251219,35.0,217.0
BRK_B,,,
BRLT,20260116,35.0,245.0
BRO,20251219,35.0,217.0
BROS,20270115,35.0,609.0
BRSP,20251121,35.0,189.0
BRT,20251219,35.0,217.0
BRX,20251121,35.0,189.0
BRY,20251219,35.0,217.0
BRZE,20251121,35.0,189.0
BRZU,20251219,35.0,217.0
BSAC,20260116,35.0,245.0
BSBR,20251219,35.0,217.0
BSET,20260116,35.0,245.0
BSM,20260116,35.0,245.0
BSRR,20251219,35.0,217.0
BSV,20251219,35.0,217.0
BSVO,20251219,35.0,217.0
BSX,20270617,7.0,762.0
BSY,20251219,35.0,217.0
BTAL,20251219,35.0,217.0
BTBT,20270115,7.0,609.0
BTC,20270115,35.0,609.0
BTCL,20251219,35.0,217.0
BTCM,20251219,35.0,217.0
BTCZ,20251219,35.0,217.0
BTDR,20270115,7.0,609.0
BTE,20260116,35.0,245.0
BTF,20251219,35.0,217.0
BTFX,20251219,35.0,217.0
BTG,20270115,35.0,609.0
BTGD,20251121,35.0,189.0
BTI,20270115,35.0,609.0
BTOP,20251219,35.0,217.0
BTRN,20251121,35.0,189.0
BTSG,20260116,35.0,245.0
BTU,20270115,7.0,609.0
BUCK,20260116,35.0,245.0
BUD,20270115,7.0,609.0
BUG,20251219,35.0,217.0
BUL,20251219,28.0,217.0
BULL,20270115,7.0,609.0
BUR,20260417,35.0,336.0
BURL,20270115,7.0,609.0
BUSE,20251121,35.0,189.0
BUYZ,20260116,35.0,245.0
BUZZ,20260116,35.0,245.0
BV,20260116,35.0,245.0
BVN,20260116,35.0,245.0
BVS,20260116,35.0,245.0
BW,20270115,35.0,609.0
BWA,20260116,35.0,245.0
BWAY,20260116,35.0,245.0
BWB,20260116,35.0,245.0
BWEN,20260116,35.0,245.0
BWET,20251219,35.0,217.0
BWIN,20251219,35.0,217.0
BWMN,20260116,35.0,245.0
BWMX,20251219,35.0,217.0
BWX,20260116,35.0,245.0
BWXT,20251121,35.0,189.0
BX,20270115,7.0,609.0
BXC,20251121,35.0,189.0
BXMT,20270115,35.0,609.0
BXP,20270115,35.0,609.0
BXSL,20251121,35.0,189.0
BY,20251219,35.0,217.0
BYD,20271217,35.0,945.0
BYND,20270115,7.0,609.0
BYON,20270115,7.0,609.0
BYRN,20251219,35.0,217.0
BYSI,20260116,35.0,245.0
BZ,20260116,35.0,245.0
BZAI,20251121,35.0,189.0
BZFD,20270115,35.0,609.0
BZH,20251121,35.0,189.0
BZQ,20251121,35.0,189.0
BZUN,20260116,35.0,245.0
C,20270617,7.0,762.0
CAAP,20260116,35.0,245.0
CAAS,20251121,35.0,189.0
CABA,20251121,35.0,189.0
CAC,20251219,35.0,217.0
CACC,20260116,35.0,245.0
CACI,20251219,35.0,217.0
CADE,20251219,35.0,217.0
CADL,20260116,35.0,245.0
CAE,20251219,35.0,217.0
CAF,20251121,35.0,189.0
CAG,20270115,7.0,609.0
CAH,20270115,7.0,609.0
CAKE,20260116,35.0,245.0
CAL,20251121,35.0,189.0
CALF,20260116,35.0,245.0
CALM,20251121,35.0,189.0
CALX,20260116,35.0,245.0
CAMT,20270115,35.0,609.0
CAN,20270115,7.0,609.0
CANE,20260116,35.0,245.0
CAPL,20260116,35.0,245.0
CAPR,20270115,35.0,609.0
CAPT,,,
CAR,20271217,7.0,945.0
CARE,20251219,35.0,217.0
CARG,20251219,35.0,217.0
CARR,20270115,35.0,609.0
CARS,20251219,35.0,217.0
CART,20270115,7.0,609.0
CARZ,20251219,35.0,217.0
CASH,20251219,35.0,217.0
CASI,20260116,35.0,245.0
CASS,20251219,35.0,217.0
CASY,20251219,35.0,217.0
CAT,20270617,7.0,762.0
CATH,20251219,35.0,217.0
CATO,20260116,35.0,245.0
CATX,20260116,35.0,245.0
CATY,20251121,35.0,189.0
CAVA,20270115,7.0,609.0
CB,20270115,35.0,609.0
CBAN,20260116,35.0,245.0
CBAT,20260116,35.0,245.0
CBL,20260116,35.0,245.0
CBLL,20251219,35.0,217.0
CBNK,20260116,35.0,245.0
CBOE,20270115,7.0,609.0
CBRE,20270115,35.0,609.0
CBRL,20270115,35.0,609.0
CBSH,20251121,35.0,189.0
CBT,20260116,35.0,245.0
CBU,20251121,35.0,189.0
CBUS,20251219,35.0,217.0
CBZ,20260116,35.0,245.0
CC,20270115,7.0,609.0
CCAP,20251219,35.0,217.0
CCB,20260116,35.0,245.0
CCBG,20260116,35.0,245.0
CCCC,20260116,35.0,245.0
CCCS,20251219,35.0,217.0
CCEC,20251219,35.0,217.0
CCEP,20251121,35.0,189.0
CCI,20270115,35.0,609.0
CCJ,20270115,7.0,609.0
CCK,20270115,35.0,609.0
CCL,20270115,7.0,609.0
CCLD,20251219,35.0,217.0
CCNE,20251219,35.0,217.0
CCO,20251219,35.0,217.0
CCOI,20260116,35.0,245.0
CCOR,20251121,35.0,189.0
CCRN,20251219,35.0,217.0
CCRV,20260116,35.0,245.0
CCS,20251219,35.0,217.0
CCSI,20251219,35.0,217.0
CCU,20260116,35.0,245.0
CDC,20260116,35.0,245.0
CDE,20270115,35.0,609.0
CDEI,20251219,35.0,217.0
CDL,20260116,35.0,245.0
CDLX,20260116,35.0,245.0
CDNA,20251121,35.0,189.0
CDNS,20270115,35.0,609.0
CDP,20251219,35.0,217.0
CDRE,20260116,35.0,245.0
CDTX,20251121,35.0,189.0
CDW,20251219,35.0,217.0
CDXC,,,
CDXS,20251219,35.0,217.0
CDZI,20260116,35.0,245.0
CE,20251219,35.0,217.0
CECO,20251219,35.0,217.0
CEG,20270115,7.0,609.0
CEIN,,,
CELC,20251219,35.0,217.0
CELH,20270115,7.0,609.0
CELU,20251121,35.0,189.0
CEMB,20251219,35.0,217.0
CENN,20260116,35.0,245.0
CENT,20260116,35.0,245.0
CENTA,20251219,35.0,217.0
CENX,20270115,35.0,609.0
CEP,20260116,35.0,245.0
CEPI,20251219,35.0,217.0
CEPU,20260116,35.0,245.0
CERS,20251219,35.0,217.0
CERT,20251121,35.0,189.0
CERY,20260116,35.0,245.0
CEVA,20251219,35.0,217.0
CEW,20260116,35.0,245.0
CF,20270115,7.0,609.0
CFA,20251219,35.0,217.0
CFFN,20251121,35.0,189.0
CFG,20270115,35.0,609.0
CFLT,20270115,35.0,609.0
CFO,20251121,35.0,189.0
CFR,20260116,35.0,245.0
CG,,,
CGAU,,,
CGBD,,,
CGC,,,
CGDV,,,
CGEM,,,
CGEN,,,
CGGR,,,
CGNT,,,
CGNX,,,
CGON,,,
CGUS,,,
CGW,,,
CHAT,,,
CHAU,,,
CHCO,,,
CHCT,,,
CHD,,,
CHDN,,,
CHE,,,
CHEF,,,
CHGG,,,
CHGX,,,
CHH,,,
CHIQ,,,
CHKP,,,
CHMI,,,
CHPS,,,
CHPT,,,
CHRD,,,
CHRS,,,
CHRW,,,
CHT,,,
CHTR,,,
CHWY,,,
CHX,,,
CI,,,
CIA,,,
CIB,,,
CIBR,,,
CIEN,,,
CIFR,,,
CIG,,,
CIGI,,,
CIM,,,
CINF,,,
CINT,,,
CIO,,,
CION,,,
CIVB,,,
CIVI,,,
CKPT,,,
CL,,,
CLAR,,,
CLB,,,
CLBK,,,
CLBR,,,
CLBT,,,
CLDL,,,
CLDT,,,
CLDX,,,
CLF,,,
CLFD,,,
CLGN,,,
CLH,,,
CLIR,,,
CLIX,,,
CLLS,,,
CLMT,,,
CLNE,,,
CLOU,,,
CLOV,,,
CLPR,,,
CLPS,,,
CLPT,,,
CLRB,,,
CLS,,,
CLSD,,,
CLSK,,,
CLVT,,,
CLW,,,
CLX,,,
CM,,,
CMA,,,
CMBM,,,
CMBS,,,
CMBT,,,
CMC,,,
CMCI,,,
CMCL,,,
CMCM,,,
CMCO,,,
CMCSA,,,
CMCT,,,
CMDY,,,
CME,,,
CMF,,,
CMG,,,
CMI,,,
CMLS,,,
CMP,,,
CMPO,,,
CMPR,,,
CMPS,,,
CMPX,,,
CMRE,,,
CMRX,,,
CMS,,,
CMTG,,,
CMTL,,,
CNA,,,
CNBS,,,
CNC,,,
CNDT,,,
CNH,,,
CNI,,,
CNK,,,
CNM,,,
CNMD,,,
CNNE,,,
CNO,,,
CNOB,,,
CNP,,,
CNQ,,,
CNR,,,
CNS,,,
CNTA,,,
CNTB,,,
CNTY,,,
CNVS,,,
CNX,,,
CNXC,,,
CNXN,,,
CNXT,,,
CNYA,,,
COCO,,,
CODI,,,
CODX,,,
COF,,,
COGT,,,
COHR,,,
COHU,,,
COIN,,,
COIW,,,
COLB,,,
COLD,,,
COLL,,,
COLM,,,
COM,,,
COMB,,,
COMM,,,
COMP,,,
COMT,,,
CON,,,
CONI,,,
CONL,,,
CONY,,,
COO,,,
COOK,,,
COOP,,,
COP,,,
COPX,,,
COR,,,
CORN,,,
CORT,,,
CORZ,,,
COSM,,,
COST,,,
COTY,,,
COUR,,,
COWG,,,
COWS,,,
COWZ,,,
CP,,,
CPA,,,
CPAY,,,
CPB,,,
CPER,,,
CPF,,,
CPII,,,
CPIX,,,
CPK,,,
CPNG,,,
CPRI,,,
CPRT,,,
CPRX,,,
CPS,,,
CPSH,,,
CPSS,,,
CPT,,,
CPXR,,,
CQP,,,
CQQQ,,,
CR,,,
CRAI,,,
CRAK,,,
CRBG,,,
CRBN,,,
CRBP,,,
CRBU,,,
CRC,,,
CRCT,,,
CRDF,,,
CRDL,,,
CRDO,,,
CRD_A,,,
CRESY,,,
CRGX,,,
CRGY,,,
CRH,,,
CRI,,,
CRIT,,,
CRK,,,
CRL,,,
CRM,,,
CRMD,,,
CRNC,,,
CRNT,,,
CRNX,,,
CRON,,,
CROX,,,
CRPT,,,
CRS,,,
CRSH,,,
CRSP,,,
CRSR,,,
CRTC,,,
CRTO,,,
CRUS,,,
CRUZ,,,
CRVL,,,
CRVS,,,
CRWD,,,
CRWL,,,
CRWS,,,
CRWV,,,
CSB,,,
CSBR,,,
CSCO,,,
CSD,,,
CSGP,,,
CSGS,,,
CSIQ,,,
CSL,,,
CSM,,,
CSR,,,
CSTE,,,
CSTL,,,
CSTM,,,
CSV,,,
CSWC,,,
CSWI,,,
CSX,,,
CTA,,,
CTAS,,,
CTBI,,,
CTEC,,,
CTEV,,,
CTEX,,,
CTKB,,,
CTLP,,,
CTMX,,,
CTNM,,,
CTO,,,
CTOS,,,
CTRA,,,
CTRE,,,
CTRI,,,
CTRM,,,
CTRN,,,
CTS,,,
CTSH,,,
CTSO,,,
CTVA,,,
CTXR,,,
CUBE,,,
CUBI,,,
CUE,,,
CUK,,,
CULP,,,
CURB,,,
CURE,,,
CURI,,,
CURV,,,
CUT,,,
CUTRQ,,,
CUZ,,,
CVAC,,,
CVBF,,,
CVCO,,,
CVE,,,
CVEO,,,
CVGI,,,
CVGW,,,
CVI,,,
CVIE,,,
CVLC,,,
CVLG,,,
CVLT,,,
CVM,,,
CVMC,,,
CVNA,,,
CVRX,,,
CVS,,,
CVSE,,,
CVU,,,
CVX,,,
CVY,,,
CW,,,
CWAN,,,
CWB,,,
CWBC,,,
CWCO,,,
CWEB,,,
CWEN,,,
CWEN_A,,,
CWH,,,
CWI,,,
CWK,,,
CWS,,,
CWST,,,
CWT,,,
CX,,,
CXAI,,,
CXDO,,,
CXM,,,
CXSE,,,
CXT,,,
CXW,,,
CYBN,,,
CYBR,,,
CYD,,,
CYH,,,
CYRX,,,
CYTK,,,
CZNC,,,
CZR,,,
D,,,
DAC,,,
DADA,,,
DAIO,,,
DAKT,,,
DAL,,,
DAN,,,
DAO,,,
DAPP,,,
DAR,,,
DASH,,,
DAT,,,
DAVA,,,
DAVE,,,
DAWN,,,
DAX,,,
DAY,,,
DB,,,
DBA,,,
DBB,,,
DBC,,,
DBD,,,
DBE,,,
DBEF,,,
DBEM,,,
DBEU,,,
DBEZ,,,
DBI,,,
DBJP,,,
DBMF,,,
DBO,,,
DBP,,,
DBRG,,,
DBX,,,
DC,,,
DCBO,,,
DCGO,,,
DCI,,,
DCO,,,
DCOM,,,
DCOR,,,
DCTH,,,
DD,,,
DDD,,,
DDL,,,
DDLS,,,
DDM,,,
DDOG,,,
DDWM,,,
DE,,,
DEA,,,
DECK,,,
DECO,,,
DEEP,,,
DEI,,,
DELL,,,
DEM,,,
DENN,,,
DEO,,,
DES,,,
DESK,,,
DESP,,,
DEUS,,,
DEW,,,
DFAC,,,
DFAI,,,
DFAR,,,
DFAS,,,
DFAT,,,
DFAU,,,
DFAW,,,
DFAX,,,
DFE,,,
DFEN,,,
DFGR,,,
DFH,,,
DFIC,,,
DFIN,,,
DFIP,,,
DFIS,,,
DFIV,,,
DFJ,,,
DFLV,,,
DFNL,,,
DFS,,,
DFSU,,,
DFSV,,,
DFUS,,,
DFUV,,,
DFVX,,,
DG,,,
DGICA,,,
DGII,,,
DGIN,,,
DGRO,,,
DGRS,,,
DGRW,,,
DGS,,,
DGT,,,
DGX,,,
DH,,,
DHC,,,
DHI,,,
DHR,,,
DHS,,,
DHT,,,
DHX,,,
DIA,,,
DIBS,,,
DIG,,,
DIHP,,,
DIN,,,
DINO,,,
DIOD,,,
DIPS,,,
DIS,,,
DISO,,,
DISV,,,
DIV,,,
DIVB,,,
DIVI,,,
DIVO,,,
DJD,,,
DJIA,,,
DJP,,,
DJT,,,
DJTU,,,
DK,,,
DKL,,,
DKNG,,,
DKS,,,
DLB,,,
DLHC,,,
DLLL,,,
DLN,,,
DLNG,,,
DLO,,,
DLPN,,,
DLR,,,
DLS,,,
DLTH,,,
DLTR,,,
DLX,,,
DM,,,
DMAC,,,
DMAT,,,
DMLP,,,
DMRC,,,
DNA,,,
DNB,,,
DNL,,,
DNLI,,,
DNN,,,
DNOW,,,
DNTH,,,
DNUT,,,
DOC,,,
DOCN,,,
DOCS,,,
DOCU,,,
DOG,,,
DOL,,,
DOLE,,,
DOMO,,,
DON,,,
DOOO,,,
DORM,,,
DOUG,,,
DOV,,,
DOW,,,
DOX,,,
DPST,,,
DPZ,,,
DQ,,,
DRAG,,,
DRD,,,
DRH,,,
DRI,,,
DRIO,,,
DRIP,,,
DRIV,,,
DRLL,,,
DRN,,,
DRRX,,,
DRS,,,
DRSK,,,
DRUP,,,
DRV,,,
DRVN,,,
DSGN,,,
DSGR,,,
DSGX,,,
DSI,,,
DSL,,,
DSMC,,,
DSP,,,
DSTL,,,
DSX,,,
DT,,,
DTC,,,
DTCB,,,
DTCR,,,
DTD,,,
DTE,,,
DTEC,,,
DTH,,,
DTM,,,
DUBS,,,
DUG,,,
DUHP,,,
DUK,,,
DUOL,,,
DURA,,,
DUSA,,,
DUSL,,,
DUST,,,
DV,,,
DVA,,,
DVAX,,,
DVN,,,
DVOL,,,
DVY,,,
DVYE,,,
DWAS,,,
DWM,,,
DWX,,,
DX,,,
DXC,,,
DXCM,,,
DXD,,,
DXJ,,,
DXJS,,,
DXLG,,,
DXPE,,,
DY,,,
DYAI,,,
DYLG,,,
DYN,,,
DYNF,,,
E,,,
EA,,,
EAF,,,
EAGG,,,
EARN,,,
EAT,,,
EATV,,,
EATZ,,,
EB,,,
EBAY,,,
EBC,,,
EBF,,,
EBIZ,,,
EBND,,,
EBS,,,
EBTC,,,
EC,,,
ECH,,,
ECL,,,
ECLN,,,
ECNS,,,
ECON,,,
ECOW,,,
ECPG,,,
ECVT,,,
ED,,,
EDAP,,,
EDC,,,
EDIT,,,
EDIV,,,
EDOC,,,
EDOW,,,
EDR,,,
EDU,,,
EDV,,,
EDZ,,,
EE,,,
EEFT,,,
EELV,,,
EEM,,,
EEMS,,,
EEMV,,,
EEMX,,,
EES,,,
EET,,,
EETH,,,
EEV,,,
EEX,,,
EFA,,,
EFAS,,,
EFAV,,,
EFAX,,,
EFC,,,
EFG,,,
EFO,,,
EFSC,,,
EFV,,,
EFX,,,
EFXT,,,
EFZ,,,
EG,,,
EGAN,,,
EGBN,,,
EGHT,,,
EGO,,,
EGP,,,
EGY,,,
EH,,,
EHAB,,,
EHC,,,
EHTH,,,
EIDO,,,
EIG,,,
EINC,,,
EIPI,,,
EIX,,,
EKG,,,
EKSO,,,
EL,,,
ELA,,,
ELAN,,,
ELD,,,
ELDN,,,
ELEV,,,
ELF,,,
ELMD,,,
ELME,,,
ELP,,,
ELS,,,
ELTX,,,
ELV,,,
ELVN,,,
EMB,,,
EMBC,,,
EMBD,,,
EME,,,
EMGF,,,
EMLC,,,
EMLP,,,
EMN,,,
EMQQ,,,
EMR,,,
EMTY,,,
EMX,,,
EMXC,,,
ENB,,,
ENFN,,,
ENFR,,,
ENFY,,,
ENIC,,,
ENLT,,,
ENLV,,,
ENOV,,,
ENPH,,,
ENR,,,
ENS,,,
ENSG,,,
ENTA,,,
ENTG,,,
ENTX,,,
ENVA,,,
ENVX,,,
ENZ,,,
ENZB,,,
ENZL,,,
EOG,,,
EOLS,,,
EOSE,,,
EPAC,,,
EPAM,,,
EPC,,,
EPD,,,
EPI,,,
EPIX,,,
EPM,,,
EPP,,,
EPR,,,
EPRT,,,
EPS,,,
EPSN,,,
EPV,,,
EQ,,,
EQAL,,,
EQBK,,,
EQC,,,
EQH,,,
EQIX,,,
EQL,,,
EQNR,,,
EQR,,,
EQT,,,
EQTY,,,
EQWL,,,
EQX,,,
ERAS,,,
ERIC,,,
ERIE,,,
ERII,,,
ERJ,,,
ERO,,,
ERTH,,,
ERX,,,
ERY,,,
ES,,,
ESAB,,,
ESCA,,,
ESE,,,
ESGD,,,
ESGE,,,
ESGR,,,
ESGU,,,
ESGV,,,
ESI,,,
ESLT,,,
ESML,,,
ESNT,,,
ESPO,,,
ESPR,,,
ESRT,,,
ESS,,,
ESSA,,,
ESTA,,,
ESTC,,,
ET,,,
ETD,,,
ETH,,,
ETHA,,,
ETHD,,,
ETHE,,,
ETHT,,,
ETHU,,,
ETHW,,,
ETN,,,
ETNB,,,
ETON,,,
ETQ,,,
ETR,,,
ETSY,,,
ETU,,,
ETWO,,,
EU,,,
EUAD,,,
EUDG,,,
EUFN,,,
EUM,,,
EUO,,,
EURL,,,
EUSA,,,
EUSC,,,
EVAV,,,
EVC,,,
EVCM,,,
EVER,,,
EVEX,,,
EVGO,,,
EVH,,,
EVLV,,,
EVMT,,,
EVR,,,
EVRG,,,
EVRI,,,
EVTC,,,
EVTV,,,
EVX,,,
EW,,,
EWA,,,
EWBC,,,
EWC,,,
EWCZ,,,
EWD,,,
EWG,,,
EWH,,,
EWI,,,
EWJ,,,
EWK,,,
EWL,,,
EWM,,,
EWN,,,
EWP,,,
EWQ,,,
EWS,,,
EWT,,,
EWTX,,,
EWU,,,
EWUS,,,
EWV,,,
EWW,,,
EWX,,,
EWY,,,
EWZ,,,
EWZS,,,
EXAS,,,
EXC,,,
EXE,,,
EXEL,,,
EXFY,,,
EXI,,,
EXK,,,
EXLS,,,
EXP,,,
EXPD,,,
EXPE,,,
EXPI,,,
EXPO,,,
EXR,,,
EXTR,,,
EYE,,,
EYPT,,,
EZA,,,
EZJ,,,
EZM,,,
EZPW,,,
EZU,,,
F,,,
FA,,,
FAB,,,
FAD,,,
FAF,,,
FALN,,,
FAN,,,
FANG,,,
FARM,,,
FARO,,,
FAS,,,
FAST,,,
FATE,,,
FAZ,,,
FBIN,,,
FBIO,,,
FBIZ,,,
FBK,,,
FBL,,,
FBMS,,,
FBNC,,,
FBND,,,
FBOT,,,
FBP,,,
FBRT,,,
FBT,,,
FBTC,,,
FBY,,,
FBZ,,,
FC,,,
FCA,,,
FCBC,,,
FCEL,,,
FCF,,,
FCFS,,,
FCG,,,
FCLD,,,
FCN,,,
FCNCA,,,
FCOM,,,
FCPI,,,
FCPT,,,
FCX,,,
FDD,,,
FDHT,,,
FDIG,,,
FDIS,,,
FDL,,,
FDLO,,,
FDMO,,,
FDMT,,,
FDN,,,
FDNI,,,
FDP,,,
FDRR,,,
FDRV,,,
FDS,,,
FDT,,,
FDUS,,,
FDV,,,
FDVV,,,
FDX,,,
FE,,,
FELE,,,
FEM,,,
FEMS,,,
FENC,,,
FENY,,,
FEP,,,
FEPI,,,
FER,,,
FERG,,,
FET,,,
FETH,,,
FEUZ,,,
FEX,,,
FEZ,,,
FF,,,
FFAI,,,
FFBC,,,
FFIC,,,
FFIN,,,
FFIV,,,
FFTY,,,
FFWM,,,
FG,,,
FGD,,,
FGEN,,,
FGM,,,
FHB,,,
FHI,,,
FHLC,,,
FHN,,,
FHTX,,,
FI,,,
FIAT,,,
FIBK,,,
FICO,,,
FID,,,
FIDI,,,
FIDU,,,
FIGS,,,
FILL,,,
FINV,,,
FINX,,,
FIP,,,
FIS,,,
FISI,,,
FITB,,,
FITE,,,
FIVA,,,
FIVE,,,
FIVN,,,
FIW,,,
FIX,,,
FIXD,,,
FIZZ,,,
FJP,,,
FKWL,,,
FL,,,
FLAX,,,
FLBR,,,
FLCH,,,
FLEE,,,
FLEU,,,
FLEX,,,
FLG,,,
FLGR,,,
FLGT,,,
FLIC,,,
FLIN,,,
FLJH,,,
FLJP,,,
FLL,,,
FLMX,,,
FLNC,,,
FLNG,,,
FLO,,,
FLOT,,,
FLOW,,,
FLQL,,,
FLQM,,,
FLR,,,
FLRN,,,
FLS,,,
FLTR,,,
FLUT,,,
FLUX,,,
FLWS,,,
FLYW,,,
FMAO,,,
FMAT,,,
FMBH,,,
FMC,,,
FMET,,,
FMNB,,,
FMS,,,
FMX,,,
FN,,,
FNA,,,
FNB,,,
FNCL,,,
FND,,,
FNDA,,,
FNDB,,,
FNDC,,,
FNDE,,,
FNDF,,,
FNDX,,,
FNF,,,
FNGG,,,
FNGR,,,
FNGS,,,
FNK,,,
FNKO,,,
FNLC,,,
FNV,,,
FNX,,,
FNY,,,
FOA,,,
FOLD,,,
FOR,,,
FORA,,,
FORM,,,
FORR,,,
FOSL,,,
FOUR,,,
FOX,,,
FOXA,,,
FOXF,,,
FPE,,,
FPH,,,
FPI,,,
FPX,,,
FPXE,,,
FPXI,,,
FQAL,,,
FR,,,
FRBA,,,
FRDM,,,
FREL,,,
FRGE,,,
FRHC,,,
FRI,,,
FRME,,,
FRNW,,,
FRO,,,
FROG,,,
FRPT,,,
FRSH,,,
FRST,,,
FRSX,,,
FRT,,,
FSBC,,,
FSK,,,
FSLR,,,
FSLY,,,
FSM,,,
FSMB,,,
FSMD,,,
FSP,,,
FSS,,,
FSTA,,,
FSTR,,,
FSV,,,
FSZ,,,
FTA,,,
FTAG,,,
FTAI,,,
FTC,,,
FTCHQ,,,
FTCI,,,
FTCS,,,
FTDR,,,
FTEC,,,
FTEK,,,
FTFT,,,
FTGC,,,
FTHI,,,
FTHM,,,
FTI,,,
FTK,,,
FTLS,,,
FTNT,,,
FTQI,,,
FTRE,,,
FTRI,,,
FTS,,,
FTSL,,,
FTSM,,,
FTV,,,
FTXG,,,
FTXH,,,
FTXL,,,
FTXN,,,
FTXO,,,
FTXR,,,
FUBO,,,
FUL,,,
FULC,,,
FULT,,,
FUMB,,,
FUN,,,
FUTU,,,
FUTY,,,
FV,,,
FVAL,,,
FVCB,,,
FVD,,,
FVRR,,,
FWONA,,,
FWONK,,,
FWRD,,,
FWRG,,,
FXA,,,
FXB,,,
FXC,,,
FXD,,,
FXE,,,
FXF,,,
FXG,,,
FXH,,,
FXI,,,
FXL,,,
FXN,,,
FXO,,,
FXP,,,
FXR,,,
FXU,,,
FXY,,,
FXZ,,,
FYBR,,,
FYC,,,
FYLD,,,
FYT,,,
FYX,,,
G,,,
GABC,,,
GAIA,,,
GAIN,,,
GAL,,,
GALT,,,
GAMB,,,
GAMR,,,
GAN,,,
GANX,,,
GAP,,,
GASS,,,
GATX,,,
GAU,,,
GB,,,
GBCI,,,
GBDC,,,
GBIL,,,
GBIO,,,
GBLD,,,
GBTC,,,
GBTG,,,
GBX,,,
GCC,,,
GCI,,,
GCMG,,,
GCO,,,
GCOR,,,
GCT,,,
GD,,,
GDDY,,,
GDE,,,
GDEN,,,
GDOC,,,
GDOT,,,
GDRX,,,
GDS,,,
GDX,,,
GDXJ,,,
GDXY,,,
GDYN,,,
GE,,,
GEF,,,
GEHC,,,
GEL,,,
GEM,,,
GEN,,,
GENC,,,
GENI,,,
GEO,,,
GEOS,,,
GERN,,,
GES,,,
GETY,,,
GEV,,,
GEVO,,,
GFF,,,
GFI,,,
GFL,,,
GFS,,,
GGAL,,,
GGB,,,
GGG,,,
GGLL,,,
GGLS,,,
GGME,,,
GGR,,,
GH,,,
GHI,,,
GHM,,,
GHRS,,,
GHYB,,,
GIB,,,
GIC,,,
GIFI,,,
GIGB,,,
GII,,,
GIII,,,
GIL,,,
GILD,,,
GILT,,,
GINN,,,
GIS,,,
GK,,,
GKOS,,,
GL,,,
GLAD,,,
GLBE,,,
GLBS,,,
GLD,,,
GLDD,,,
GLIN,,,
GLL,,,
GLNG,,,
GLOB,,,
GLOV,,,
GLP,,,
GLPG,,,
GLPI,,,
GLRE,,,
GLUE,,,
GLW,,,
GLYC,,,
GM,,,
GMAB,,,
GME,,,
GMED,,,
GMET,,,
GMEU,,,
GMF,,,
GMGI,,,
GMRE,,,
GMS,,,
GNE,,,
GNK,,,
GNL,,,
GNLX,,,
GNOM,,,
GNR,,,
GNRC,,,
GNSS,,,
GNTX,,,
GNTY,,,
GNW,,,
GO,,,
GOAU,,,
GOEX,,,
GOGL,,,
GOGO,,,
GOLD,,,
GOLF,,,
GOLY,,,
GOOD,,,
GOOG,,,
GOOGL,,,
GOOP,,,
GOOS,,,
GOOX,,,
GOOY,,,
GOP,,,
GORO,,,
GORV,,,
GOSS,,,
GOTU,,,
GOVT,,,
GOVZ,,,
GP,,,
GPC,,,
GPCR,,,
GPI,,,
GPIQ,,,
GPIX,,,
GPK,,,
GPMT,,,
GPN,,,
GPOR,,,
GPRE,,,
GPRK,,,
GPRO,,,
GPTY,,,
GRAB,,,
GRAL,,,
GRBK,,,
GRC,,,
GREK,,,
GRFS,,,
GRID,,,
GRMN,,,
GRN,,,
GRND,,,
GRNT,,,
GRNY,,,
GROV,,,
GROW,,,
GROY,,,
GRPM,,,
GRPN,,,
GRRR,,,
GRWG,,,
GS,,,
GSAT,,,
GSBC,,,
GSBD,,,
GSEU,,,
GSEW,,,
GSG,,,
GSHD,,,
GSIE,,,
GSIT,,,
GSK,,,
GSL,,,
GSLC,,,
GSM,,,
GSPY,,,
GSUS,,,
GSY,,,
GT,,,
GTE,,,
GTEK,,,
GTES,,,
GTIM,,,
GTLB,,,
GTLS,,,
GTM,,,
GTN,,,
GTX,,,
GTY,,,
GUNR,,,
GURE,,,
GURU,,,
GUSH,,,
GVA,,,
GVI,,,
GVIP,,,
GVLU,,,
GWRE,,,
GWRS,,,
GWW,,,
GWX,,,
GXC,,,
GXDW,,,
GXG,,,
GXO,,,
GXTG,,,
GYLD,,,
GYRE,,,
H,,,
HACK,,,
HAE,,,
HAFC,,,
HAFN,,,
HAIL,,,
HAIN,,,
HAL,,,
HALO,,,
HAP,,,
HARD,,,
HAS,,,
HASI,,,
HAUS,,,
HAUZ,,,
HAYW,,,
HBAN,,,
HBB,,,
HBCP,,,
HBI,,,
HBIO,,,
HBM,,,
HBNC,,,
HBT,,,
HCA,,,
HCAT,,,
HCC,,,
HCI,,,
HCKT,,,
HCM,,,
HCOM,,,
HCSG,,,
HD,,,
HDB,,,
HDEF,,,
HDG,,,
HDGE,,,
HDRO,,,
HDSN,,,
HDV,,,
HE,,,
HEAL,,,
HEDJ,,,
HEEM,,,
HEES,,,
HEFA,,,
HEGD,,,
HEI,,,
HEI_A,,,
HELE,,,
HELX,,,
HEPS,,,
HEQT,,,
HERO,,,
HES,,,
HESM,,,
HEWJ,,,
HEZU,,,
HFFG,,,
HFND,,,
HFWA,,,
HG,,,
HGER,,,
HGTY,,,
HGV,,,
HHH,,,
HI,,,
HIBL,,,
HIBS,,,
HIG,,,
HIGH,,,
HII,,,
HIMS,,,
HIMX,,,
HIPO,,,
HIPS,,,
HITI,,,
HIVE,,,
HIW,,,
HL,,,
HLF,,,
HLI,,,
HLIO,,,
HLIT,,,
HLLY,,,
HLMN,,,
HLN,,,
HLNE,,,
HLT,,,
HLX,,,
HMC,,,
HMN,,,
HMST,,,
HMY,,,
HNDL,,,
HNI,,,
HNRG,,,
HNST,,,
HODL,,,
HOFT,,,
HOG,,,
HOLO,,,
HOLX,,,
HOMB,,,
HOMZ,,,
HON,,,
HONE,,,
HOOD,,,
HOOK,,,
HOPE,,,
HOUS,,,
HOWL,,,
HP,,,
HPE,,,
HPK,,,
HPP,,,
HPQ,,,
HQY,,,
HR,,,
HRB,,,
HRI,,,
HRL,,,
HRMY,,,
HROW,,,
HRTG,,,
HRTS,,,
HRTX,,,
HRZN,,,
HSAI,,,
HSBC,,,
HSIC,,,
HSII,,,
HST,,,
HSTM,,,
HSY,,,
HTB,,,
HTBK,,,
HTEC,,,
HTGC,,,
HTH,,,
HTHT,,,
HTLD,,,
HTO,,,
HTOO,,,
HTZ,,,
HUBB,,,
HUBG,,,
HUBS,,,
HUM,,,
HUMA,,,
HUN,,,
HURN,,,
HUSA,,,
HUT,,,
HUYA,,,
HVT,,,
HWAY,,,
HWC,,,
HWKN,,,
HWM,,,
HXL,,,
HY,,,
HYBB,,,
HYD,,,
HYDR,,,
HYEM,,,
HYG,,,
HYGH,,,
HYLB,,,
HYLN,,,
HYMB,,,
HYMC,,,
HYPR,,,
HYS,,,
HYSA,,,
HYXU,,,
HYZD,,,
HZO,,,
IAC,,,
IAG,,,
IAGG,,,
IAI,,,
IAK,,,
IART,,,
IAS,,,
IAT,,,
IAU,,,
IBB,,,
IBBQ,,,
IBCP,,,
IBEX,,,
IBIT,,,
IBKR,,,
IBLC,,,
IBM,,,
IBN,,,
IBND,,,
IBOC,,,
IBOT,,,
IBP,,,
IBRN,,,
IBRX,,,
IBTA,,,
IBUY,,,
ICAD,,,
ICE,,,
ICF,,,
ICFI,,,
ICHR,,,
ICL,,,
ICLN,,,
ICLR,,,
ICMB,,,
ICOP,,,
ICSH,,,
ICUI,,,
ICVT,,,
IDA,,,
IDAT,,,
IDCC,,,
IDEV,,,
IDGT,,,
IDHQ,,,
IDLV,,,
IDN,,,
IDNA,,,
IDR,,,
IDRV,,,
IDT,,,
IDU,,,
IDUB,,,
IDV,,,
IDVO,,,
IDXX,,,
IDYA,,,
IE,,,
IEDI,,,
IEF,,,
IEFA,,,
IEI,,,
IEMG,,,
IEO,,,
IEP,,,
IESC,,,
IETC,,,
IEUR,,,
IEV,,,
IEX,,,
IEZ,,,
IFF,,,
IFGL,,,
IFRA,,,
IFRX,,,
IFV,,,
IGC,,,
IGE,,,
IGF,,,
IGIB,,,
IGIC,,,
IGLB,,,
IGLD,,,
IGM,,,
IGMS,,,
IGOV,,,
IGPT,,,
IGRO,,,
IGSB,,,
IGT,,,
IGV,,,
IHAK,,,
IHDG,,,
IHE,,,
IHF,,,
IHI,,,
IHRT,,,
IHS,,,
IHY,,,
III,,,
IIIN,,,
IIIV,,,
IIPR,,,
IJH,,,
IJJ,,,
IJK,,,
IJR,,,
IJS,,,
IJT,,,
ILCB,,,
ILCG,,,
ILF,,,
ILIT,,,
ILMN,,,
ILPT,,,
IMAB,,,
IMAX,,,
IMCG,,,
IMCR,,,
IMKTA,,,
IMMP,,,
IMMR,,,
IMMX,,,
IMNM,,,
IMO,,,
IMOS,,,
IMPP,,,
IMTM,,,
IMTX,,,
IMUX,,,
IMVT,,,
IMXI,,,
INBK,,,
INBX,,,
INCO,,,
INCR,,,
INCY,,,
INDA,,,
INDB,,,
INDI,,,
INDL,,,
INDS,,,
INDV,,,
INDY,,,
INFA,,,
INFL,,,
INFU,,,
INFY,,,
ING,,,
INGM,,,
INGN,,,
INGR,,,
INKM,,,
INMB,,,
INMD,,,
INN,,,
INNV,,,
INO,,,
INOD,,,
INQQ,,,
INSE,,,
INSG,,,
INSM,,,
INSP,,,
INSW,,,
INTA,,,
INTC,,,
INTF,,,
INTR,,,
INTT,,,
INTU,,,
INTW,,,
INVA,,,
INVE,,,
INVH,,,
INVX,,,
INVZ,,,
INZY,,,
ION,,,
IONQ,,,
IONS,,,
IOO,,,
IOSP,,,
IOT,,,
IOVA,,,
IP,,,
IPA,,,
IPAC,,,
IPAR,,,
IPAY,,,
IPG,,,
IPGP,,,
IPI,,,
IPKW,,,
IPO,,,
IPOS,,,
IPSC,,,
IQ,,,
IQDF,,,
IQDG,,,
IQLT,,,
IQM,,,
IQV,,,
IR,,,
IRBT,,,
IRD,,,
IRDM,,,
IREN,,,
IRIX,,,
IRM,,,
IRMD,,,
IRON,,,
IRS,,,
IRT,,,
IRTC,,,
IRVH,,,
IRWD,,,
ISHP,,,
ISPR,,,
ISPY,,,
ISRA,,,
ISRG,,,
ISSC,,,
ISTB,,,
IT,,,
ITA,,,
ITB,,,
ITCI,,,
ITEQ,,,
ITGR,,,
ITM,,,
ITOS,,,
ITOT,,,
ITP,,,
ITRI,,,
ITRN,,,
ITT,,,
ITUB,,,
ITW,,,
IUSB,,,
IUSG,,,
IUSV,,,
IVAC,,,
IVE,,,
IVEG,,,
IVLU,,,
IVOG,,,
IVOL,,,
IVOO,,,
IVOV,,,
IVR,,,
IVRS,,,
IVT,,,
IVV,,,
IVVD,,,
IVVW,,,
IVW,,,
IVZ,,,
IWB,,,
IWC,,,
IWD,,,
IWF,,,
IWL,,,
IWM,,,
IWMI,,,
IWMW,,,
IWMY,,,
IWN,,,
IWO,,,
IWP,,,
IWR,,,
IWS,,,
IWV,,,
IWX,,,
IWY,,,
IXC,,,
IXG,,,
IXJ,,,
IXN,,,
IXP,,,
IXUS,,,
IYC,,,
IYE,,,
IYF,,,
IYG,,,
IYH,,,
IYJ,,,
IYK,,,
IYM,,,
IYR,,,
IYT,,,
IYW,,,
IYY,,,
IYZ,,,
IZEA,,,
IZRL,,,
J,,,
JAAA,,,
JACK,,,
JAKK,,,
JAMF,,,
JANX,,,
JAVA,,,
JAZZ,,,
JBBB,,,
JBGS,,,
JBHT,,,
JBI,,,
JBL,,,
JBLU,,,
JBSS,,,
JBTM,,,
JCI,,,
JCPI,,,
JD,,,
JDST,,,
JEF,,,
JELD,,,
JEPI,,,
JEPQ,,,
JETS,,,
JFIN,,,
JHG,,,
JHML,,,
JHMM,,,
JHX,,,
JIRE,,,
JJSF,,,
JKHY,,,
JKS,,,
JLL,,,
JMBS,,,
JMIA,,,
JMSB,,,
JMST,,,
JNJ,,,
JNK,,,
JNPR,,,
JNUG,,,
JOBY,,,
JOE,,,
JOET,,,
JOYY,,,
JPEM,,,
JPIN,,,
JPM,,,
JPMO,,,
JPSE,,,
JPST,,,
JPUS,,,
JQUA,,,
JRE,,,
JRVR,,,
JSML,,,
JSPR,,,
JSTC,,,
JUCY,,,
JUST,,,
JVAL,,,
JWN,,,
JXI,,,
JXN,,,
JXX,,,
JYNT,,,
K,,,
KAI,,,
KALL,,,
KALU,,,
KALV,,,
KAR,,,
KARS,,,
KB,,,
KBA,,,
KBE,,,
KBH,,,
KBR,,,
KBWB,,,
KBWD,,,
KBWP,,,
KBWR,,,
KBWY,,,
KC,,,
KCCA,,,
KCE,,,
KD,,,
KDEF,,,
KDP,,,
KE,,,
KELYA,,,
KEM,,,
KEMQ,,,
KEMX,,,
KEN,,,
KEP,,,
KEUA,,,
KEX,,,
KEY,,,
KEYS,,,
KFRC,,,
KFS,,,
KFY,,,
KGC,,,
KGRN,,,
KGS,,,
KHC,,,
KHYB,,,
KIDS,,,
KIE,,,
KIM,,,
KIND,,,
KINS,,,
KIRK,,,
KKR,,,
KLAC,,,
KLC,,,
KLG,,,
KLIC,,,
KLIP,,,
KLTR,,,
KLXE,,,
KLXY,,,
KMB,,,
KMDA,,,
KMI,,,
KMLM,,,
KMPR,,,
KMT,,,
KMX,,,
KN,,,
KNCT,,,
KNDI,,,
KNF,,,
KNGZ,,,
KNOP,,,
KNSA,,,
KNSL,,,
KNTK,,,
KNX,,,
KO,,,
KOD,,,
KODK,,,
KOF,,,
KOLD,,,
KOMP,,,
KOP,,,
KOPN,,,
KORU,,,
KOS,,,
KPTI,,,
KR,,,
KRBN,,,
KRC,,,
KRE,,,
KREF,,,
KRG,,,
KRMA,,,
KRMD,,,
KRNT,,,
KRNY,,,
KRO,,,
KRON,,,
KROP,,,
KROS,,,
KRP,,,
KRYS,,,
KSA,,,
KSEA,,,
KSPI,,,
KSPY,,,
KSS,,,
KSTR,,,
KT,,,
KTB,,,
KTCC,,,
KTEC,,,
KTOS,,,
KULR,,,
KURA,,,
KURE,,,
KVHI,,,
KVLE,,,
KVUE,,,
KVYO,,,
KW,,,
KWEB,,,
KWR,,,
KXI,,,
KYMR,,,
KYN,,,
KYTX,,,
KZIA,,,
KZR,,,
L,,,
LAB,,,
LABD,,,
LABU,,,
LAC,,,
LAD,,,
LADR,,,
LAES,,,
LAKE,,,
LAMR,,,
LANC,,,
LAND,,,
LAR,,,
LASE,,,
LASR,,,
LAUR,,,
LAW,,,
LAZ,,,
LAZR,,,
LB,,,
LBRDA,,,
LBRDK,,,
LBRT,,,
LBTYA,,,
LBTYK,,,
LC,,,
LCID,,,
LCII,,,
LCNB,,,
LCTD,,,
LCTU,,,
LCTX,,,
LCUT,,,
LDEM,,,
LDI,,,
LDOS,,,
LE,,,
LEA,,,
LECO,,,
LEG,,,
LEGH,,,
LEGN,,,
LEGR,,,
LEMB,,,
LEN,,,
LENZ,,,
LESL,,,
LEU,,,
LEVGQ,,,
LEVI,,,
LFCR,,,
LFGY,,,
LFMD,,,
LFST,,,
LFUS,,,
LFVN,,,
LFWD,,,
LGF_A,,,
LGF_B,,,
LGIH,,,
LGLV,,,
LGND,,,
LGO,,,
LGTY,,,
LH,,,
LHX,,,
LI,,,
LICYF,,,
LIF,,,
LII,,,
LILA,,,
LILAK,,,
LIMI,,,
LIN,,,
LINC,,,
LIND,,,
LINE,,,
LIT,,,
LITE,,,
LITM,,,
LIVN,,,
LKFN,,,
LKQ,,,
LLY,,,
LLYVA,,,
LLYVK,,,
LLYX,,,
LMAT,,,
LMB,,,
LMBO,,,
LMBS,,,
LMND,,,
LMNR,,,
LMT,,,
LNC,,,
LNG,,,
LNN,,,
LNSR,,,
LNT,,,
LNTH,,,
LNW,,,
LNZA,,,
LOAN,,,
LOAR,,,
LOB,,,
LOCO,,,
LODE,,,
LOGC,,,
LOGI,,,
LOMA,,,
LOOP,,,
LOPE,,,
LOUP,,,
LOVE,,,
LOW,,,
LPG,,,
LPL,,,
LPLA,,,
LPRO,,,
LPSN,,,
LPTX,,,
LPX,,,
LQD,,,
LQDA,,,
LQDH,,,
LQDI,,,
LQDT,,,
LQIG,,,
LRCX,,,
LRGF,,,
LRMR,,,
LRN,,,
LRND,,,
LRNZ,,,
LSAK,,,
LSCC,,,
LSEA,,,
LSPD,,,
LSTR,,,
LTBR,,,
LTC,,,
LTH,,,
LTL,,,
LTPZ,,,
LTRN,,,
LTRX,,,
LU,,,
LUCK,,,
LULU,,,
LUMN,,,
LUNA,,,
LUNG,,,
LUNR,,,
LUV,,,
LUXE,,,
LVHD,,,
LVHI,,,
LVLU,,,
LVO,,,
LVS,,,
LVTX,,,
LVWR,,,
LW,,,
LWLG,,,
LX,,,
LXEO,,,
LXFR,,,
LXP,,,
LXRX,,,
LXU,,,
LYB,,,
LYEL,,,
LYFT,,,
LYG,,,
LYRA,,,
LYTS,,,
LYV,,,
LZ,,,
LZB,,,
M,,,
MA,,,
MAA,,,
MAC,,,
MAG,,,
MAGA,,,
MAGN,,,
MAGS,,,
MAGX,,,
MAIN,,,
MAKX,,,
MAMA,,,
MAN,,,
MANH,,,
MANU,,,
MAPS,,,
MAR,,,
MARA,,,
MAS,,,
MASI,,,
MASS,,,
MAT,,,
MATV,,,
MATW,,,
MATX,,,
MAX,,,
MAXI,,,
MAXN,,,
MBB,,,
MBC,,,
MBI,,,
MBIN,,,
MBLY,,,
MBOT,,,
MBUU,,,
MBWM,,,
MBX,,,
MC,,,
MCB,,,
MCBS,,,
MCD,,,
MCFT,,,
MCHI,,,
MCHP,,,
MCHX,,,
MCK,,,
MCO,,,
MCRB,,,
MCRI,,,
MCS,,,
MCW,,,
MCY,,,
MD,,,
MDB,,,
MDEV,,,
MDGL,,,
MDIV,,,
MDLZ,,,
MDT,,,
MDU,,,
MDWD,,,
MDXG,,,
MDY,,,
MDYG,,,
MDYV,,,
ME,,,
MEC,,,
MED,,,
MEDP,,,
MEG,,,
MEHCQ,,,
MEI,,,
MEIP,,,
MELI,,,
MEOH,,,
MERC,,,
MESA,,,
MESO,,,
MET,,,
META,,,
METC,,,
METU,,,
METV,,,
MEXX,,,
MFA,,,
MFC,,,
MFG,,,
MFIC,,,
MFIN,,,
MG,,,
MGA,,,
MGC,,,
MGEE,,,
MGIC,,,
MGK,,,
MGM,,,
MGNI,,,
MGNX,,,
MGPI,,,
MGRC,,,
MGTX,,,
MGV,,,
MGY,,,
MHK,,,
MHLD,,,
MHO,,,
MIDD,,,
MIDU,,,
MILN,,,
MINT,,,
MIR,,,
MIRM,,,
MISL,,,
MIST,,,
MITK,,,
MITT,,,
MJ,,,
MKC,,,
MKFG,,,
MKL,,,
MKSI,,,
MKTW,,,
MKTX,,,
ML,,,
MLCO,,,
MLGO,,,
MLI,,,
MLKN,,,
MLM,,,
MLN,,,
MLNK,,,
MLPA,,,
MLPX,,,
MLR,,,
MLSS,,,
MLTX,,,
MLYS,,,
MMC,,,
MMI,,,
MMLP,,,
MMM,,,
MMS,,,
MMSI,,,
MMTM,,,
MMYT,,,
MNA,,,
MNDO,,,
MNDY,,,
MNKD,,,
MNMD,,,
MNOV,,,
MNRO,,,
MNRS,,,
MNSO,,,
MNST,,,
MNTK,,,
MNY,,,
MO,,,
MOAT,,,
MOD,,,
MODG,,,
MODV,,,
MOFG,,,
MOGO,,,
MOG_A,,,
MOH,,,
MOMO,,,
MOO,,,
MORN,,,
MORT,,,
MOS,,,
MOV,,,
MP,,,
MPAA,,,
MPB,,,
MPC,,,
MPLX,,,
MPW,,,
MPWR,,,
MPX,,,
MQ,,,
MQQQ,,,
MRAL,,,
MRAM,,,
MRC,,,
MRCC,,,
MRCY,,,
MREO,,,
MRK,,,
MRNA,,,
MRNY,,,
MRP,,,
MRSN,,,
MRTN,,,
MRUS,,,
MRVI,,,
MRVL,,,
MRX,,,
MS,,,
MSA,,,
MSB,,,
MSBI,,,
MSCI,,,
MSDL,,,
MSEX,,,
MSFD,,,
MSFL,,,
MSFO,,,
MSFT,,,
MSFU,,,
MSFX,,,
MSFY,,,
MSGE,,,
MSGS,,,
MSI,,,
MSM,,,
MSOS,,,
MSOX,,,
MSTR,,,
MSTU,,,
MSTX,,,
MSTY,,,
MSTZ,,,
MT,,,
MTA,,,
MTB,,,
MTBA,,,
MTCH,,,
MTD,,,
MTDR,,,
MTG,,,
MTH,,,
MTLS,,,
MTN,,,
MTRN,,,
MTRX,,,
MTSI,,,
MTUM,,,
MTUS,,,
MTW,,,
MTX,,,
MTZ,,,
MU,,,
MUB,,,
MUFG,,,
MULL,,,
MUNI,,,
MUR,,,
MURA,,,
MUSA,,,
MUX,,,
MVBF,,,
MVIS,,,
MVLL,,,
MVO,,,
MVST,,,
MVV,,,
MWA,,,
MX,,,
MXCT,,,
MXI,,,
MXL,,,
MYE,,,
MYGN,,,
MYO,,,
MYPS,,,
MYRG,,,
MYTE,,,
MYY,,,
MZZ,,,
NABL,,,
NAGE,,,
NAIL,,,
NAK,,,
NAMS,,,
NAN,,,
NANC,,,
NANR,,,
NAT,,,
NATL,,,
NATR,,,
NAUT,,,
NAVI,,,
NB,,,
NBBK,,,
NBHC,,,
NBIS,,,
NBIX,,,
NBR,,,
NBTB,,,
NCLH,,,
NCMI,,,
NCNO,,,
NDAQ,,,
NDLS,,,
NDSN,,,
NDX,,,
NE,,,
NEAR,,,
NECB,,,
NEE,,,
NEGG,,,
NEM,,,
NEO,,,
NEOG,,,
NEON,,,
NERD,,,
NET,,,
NETL,,,
NEU,,,
NEWP,,,
NEWT,,,
NEXA,,,
NEXN,,,
NEXT,,,
NFBK,,,
NFE,,,
NFG,,,
NFGC,,,
NFLP,,,
NFLU,,,
NFLX,,,
NFLY,,,
NFRA,,,
NFTY,,,
NG,,,
NGD,,,
NGG,,,
NGL,,,
NGNE,,,
NGS,,,
NGVC,,,
NGVT,,,
NHC,,,
NHI,,,
NHTC,,,
NI,,,
NIC,,,
NICE,,,
NINE,,,
NIO,,,
NIU,,,
NJR,,,
NKE,,,
NKLAQ,,,
NKTR,,,
NKTX,,,
NL,,,
NLOP,,,
NLR,,,
NLY,,,
NMAX,,,
NMFC,,,
NMG,,,
NMIH,,,
NMM,,,
NMR,,,
NMRA,,,
NMRK,,,
NMTC,,,
NN,,,
NNBR,,,
NNDM,,,
NNE,,,
NNI,,,
NNN,,,
NNOX,,,
NNVC,,,
NOA,,,
NOAH,,,
NOBL,,,
NOC,,,
NOG,,,
NOK,,,
NOMD,,,
NOTE,,,
NOTV,,,
NOV,,,
NOVA,,,
NOVT,,,
NOW,,,
NPCE,,,
NPKI,,,
NPO,,,
NPWR,,,
NRC,,,
NRDS,,,
NRDY,,,
NREF,,,
NRG,,,
NRGV,,,
NRIX,,,
NRP,,,
NRT,,,
NRXP,,,
NSA,,,
NSC,,,
NSIT,,,
NSP,,,
NSPR,,,
NSSC,,,
NTAP,,,
NTB,,,
NTCT,,,
NTES,,,
NTEST,,,
NTGR,,,
NTLA,,,
NTNX,,,
NTR,,,
NTRA,,,
NTRS,,,
NTST,,,
NTSX,,,
NTWK,,,
NU,,,
NUE,,,
NUGT,,,
NUS,,,
NUSC,,,
NUVB,,,
NUVL,,,
NVAX,,,
NVCR,,,
NVCT,,,
NVD,,,
NVDA,,,
NVDD,,,
NVDG,,,
NVDL,,,
NVDQ,,,
NVDS,,,
NVDU,,,
NVDX,,,
NVDY,,,
NVEE,,,
NVGS,,,
NVMI,,,
NVNO,,,
NVO,,,
NVOX,,,
NVRI,,,
NVRO,,,
NVS,,,
NVST,,,
NVT,,,
NVTS,,,
NVW,,,
NVX,,,
NWBI,,,
NWE,,,
NWG,,,
NWL,,,
NWN,,,
NWPX,,,
NWS,,,
NWSA,,,
NX,,,
NXDT,,,
NXE,,,
NXPI,,,
NXRT,,,
NXST,,,
NXT,,,
NXTC,,,
NXTE,,,
NXTG,,,
NYMT,,,
NYT,,,
NZAC,,,
NZUS,,,
O,,,
OABI,,,
OACP,,,
OARK,,,
OB,,,
OBDC,,,
OBE,,,
OBK,,,
OBOR,,,
OC,,,
OCEA,,,
OCFC,,,
OCFT,,,
OCGN,,,
OCSL,,,
OCUL,,,
ODD,,,
ODDS,,,
ODFL,,,
ODP,,,
ODV,,,
OEC,,,
OEF,,,
OESX,,,
OEX,,,
OFG,,,
OFIX,,,
OFS,,,
OGE,,,
OGI,,,
OGIG,,,
OGN,,,
OGS,,,
OHI,,,
OI,,,
OIH,,,
OII,,,
OILK,,,
OIS,,,
OKE,,,
OKLO,,,
OKTA,,,
OLED,,,
OLLI,,,
OLMA,,,
OLN,,,
OLO,,,
OLP,,,
OLPX,,,
OM,,,
OMAB,,,
OMC,,,
OMCL,,,
OMER,,,
OMEX,,,
OMF,,,
OMFL,,,
OMGAQ,,,
OMI,,,
ON,,,
ONB,,,
ONC,,,
OND,,,
ONDS,,,
ONEO,,,
ONEQ,,,
ONEV,,,
ONEW,,,
ONEY,,,
ONIT,,,
ONL,,,
ONLN,,,
ONON,,,
ONTF,,,
ONTO,,,
ONVO,,,
OOMA,,,
OOTO,,,
OPAD,,,
OPAL,,,
OPBK,,,
OPCH,,,
OPEN,,,
OPFI,,,
OPI,,,
OPK,,,
OPRA,,,
OPRT,,,
OPRX,,,
OPTT,,,
OPY,,,
OR,,,
ORA,,,
ORANY,,,
ORC,,,
ORCL,,,
ORGN,,,
ORGO,,,
ORI,,,
ORIC,,,
ORKA,,,
ORLA,,,
ORLY,,,
ORMP,,,
ORN,,,
ORRF,,,
OS,,,
OSBC,,,
OSCR,,,
OSIS,,,
OSK,,,
OSPN,,,
OSS,,,
OSUR,,,
OSW,,,
OTEX,,,
OTIS,,,
OTLK,,,
OTLY,,,
OTTR,,,
OUNZ,,,
OUSA,,,
OUSM,,,
OUST,,,
OUT,,,
OVID,,,
OVLH,,,
OVT,,,
OVV,,,
OWL,,,
OXM,,,
OXSQ,,,
OXY,,,
OZEM,,,
OZK,,,
PAA,,,
PAAS,,,
PACB,,,
PACK,,,
PACS,,,
PAG,,,
PAGP,,,
PAGS,,,
PAHC,,,
PAL,,,
PALC,,,
PALL,,,
PAM,,,
PAMC,,,
PANL,,,
PANW,,,
PAR,,,
PARA,,,
PARAA,,,
PARR,,,
PASG,,,
PATH,,,
PATK,,,
PAVE,,,
PAVM,,,
PAWZ,,,
PAX,,,
PAY,,,
PAYC,,,
PAYO,,,
PAYS,,,
PAYX,,,
PB,,,
PBA,,,
PBD,,,
PBE,,,
PBF,,,
PBH,,,
PBI,,,
PBJ,,,
PBP,,,
PBPB,,,
PBR,,,
PBR_A,,,
PBT,,,
PBW,,,
PBYI,,,
PCAR,,,
PCB,,,
PCEF,,,
PCG,,,
PCH,,,
PCOR,,,
PCRX,,,
PCT,,,
PCTY,,,
PCVX,,,
PCY,,,
PCYO,,,
PD,,,
PDBA,,,
PDBC,,,
PDCO,,,
PDD,,,
PDFS,,,
PDM,,,
PDN,,,
PDP,,,
PDS,,,
PDSB,,,
PDYN,,,
PEB,,,
PEBO,,,
PECO,,,
PEG,,,
PEGA,,,
PEJ,,,
PEN,,,
PENG,,,
PENN,,,
PEO,,,
PEP,,,
PEPG,,,
PERI,,,
PESI,,,
PETS,,,
PEY,,,
PEZ,,,
PFBC,,,
PFE,,,
PFF,,,
PFFA,,,
PFFD,,,
PFFV,,,
PFG,,,
PFGC,,,
PFI,,,
PFIX,,,
PFLT,,,
PFM,,,
PFS,,,
PFSI,,,
PFXF,,,
PG,,,
PGC,,,
PGEN,,,
PGF,,,
PGJ,,,
PGNY,,,
PGR,,,
PGRE,,,
PGX,,,
PGY,,,
PH,,,
PHAT,,,
PHB,,,
PHG,,,
PHIN,,,
PHLT,,,
PHM,,,
PHO,,,
PHR,,,
PHUN,,,
PHX,,,
PI,,,
PICK,,,
PID,,,
PIE,,,
PII,,,
PILL,,,
PIN,,,
PINC,,,
PINE,,,
PINK,,,
PINS,,,
PIO,,,
PIPR,,,
PIT,,,
PIZ,,,
PJP,,,
PJT,,,
PK,,,
PKB,,,
PKBK,,,
PKE,,,
PKG,,,
PKOH,,,
PKST,,,
PKW,,,
PKX,,,
PL,,,
PLAB,,,
PLAY,,,
PLBY,,,
PLCE,,,
PLD,,,
PLG,,,
PLL,,,
PLMR,,,
PLNT,,,
PLOW,,,
PLRX,,,
PLSE,,,
PLTK,,,
PLTR,,,
PLTW,,,
PLTY,,,
PLUG,,,
PLUS,,,
PLX,,,
PLXS,,,
PLYA,,,
PLYM,,,
PM,,,
PMCB,,,
PMT,,,
PMVP,,,
PNC,,,
PNFP,,,
PNNT,,,
PNQI,,,
PNR,,,
PNTG,,,
PNW,,,
PODD,,,
POET,,,
PONY,,,
POOL,,,
POR,,,
POST,,,
POWA,,,
POWI,,,
POWL,,,
POWW,,,
PPA,,,
PPBI,,,
PPBT,,,
PPC,,,
PPG,,,
PPH,,,
PPI,,,
PPIH,,,
PPL,,,
PPLT,,,
PPSI,,,
PPTA,,,
PR,,,
PRA,,,
PRAA,,,
PRAX,,,
PRCH,,,
PRCT,,,
PRDO,,,
PRF,,,
PRFZ,,,
PRG,,,
PRGO,,,
PRGS,,,
PRI,,,
PRIM,,,
PRK,,,
PRKS,,,
PRLB,,,
PRLD,,,
PRM,,,
PRMB,,,
PRME,,,
PRN,,,
PRNT,,,
PRO,,,
PROF,,,
PROK,,,
PROP,,,
PRPH,,,
PRPL,,,
PRQR,,,
PRSU,,,
PRTA,,,
PRTH,,,
PRTS,,,
PRU,,,
PRVA,,,
PSA,,,
PSCC,,,
PSCD,,,
PSCE,,,
PSCF,,,
PSCH,,,
PSCI,,,
PSCM,,,
PSCT,,,
PSEC,,,
PSEP,,,
PSFE,,,
PSI,,,
PSIL,,,
PSK,,,
PSL,,,
PSMT,,,
PSN,,,
PSNL,,,
PSNY,,,
PSO,,,
PSP,,,
PSQ,,,
PSQH,,,
PSR,,,
PST,,,
PSTG,,,
PSTL,,,
PSWD,,,
PSX,,,
PTBD,,,
PTC,,,
PTCT,,,
PTEC,,,
PTEN,,,
PTF,,,
PTGX,,,
PTH,,,
PTIN,,,
PTIR,,,
PTLC,,,
PTLO,,,
PTMN,,,
PTN,,,
PTNQ,,,
PTON,,,
PTVE,,,
PUBM,,,
PUI,,,
PUK,,,
PULS,,,
PUMP,,,
PUTW,,,
PVBC,,,
PVH,,,
PVL,,,
PVLA,,,
PWB,,,
PWP,,,
PWR,,,
PWRD,,,
PWV,,,
PWZ,,,
PX,,,
PXE,,,
PXF,,,
PXH,,,
PXI,,,
PXJ,,,
PXLW,,,
PYCR,,,
PYPL,,,
PYPY,,,
PYXS,,,
PYZ,,,
PZA,,,
PZZA,,,
QABA,,,
QAI,,,
QBTS,,,
QCLN,,,
QCML,,,
QCOM,,,
QCRH,,,
QD,,,
QDEF,,,
QDEL,,,
QDF,,,
QDIV,,,
QDPL,,,
QDTE,,,
QDVO,,,
QEFA,,,
QEMM,,,
QFIN,,,
QGEN,,,
QGRO,,,
QGRW,,,
QID,,,
QIPT,,,
QLD,,,
QLYS,,,
QMOM,,,
QNCX,,,
QNST,,,
QNXT,,,
QPFF,,,
QPX,,,
QQEW,,,
QQH,,,
QQQ,,,
QQQA,,,
QQQE,,,
QQQH,,,
QQQI,,,
QQQJ,,,
QQQM,,,
QQQP,,,
QQQT,,,
QQQY,,,
QQXT,,,
QRFT,,,
QRHC,,,
QRMI,,,
QRVO,,,
QS,,,
QSI,,,
QSR,,,
QTEC,,,
QTOP,,,
QTRX,,,
QTTB,,,
QTUM,,,
QTWO,,,
QUAD,,,
QUAL,,,
QUBT,,,
QUIK,,,
QURE,,,
QUS,,,
QVCGA,,,
QWLD,,,
QXO,,,
QYLD,,,
QYLG,,,
R,,,
RAAX,,,
RACE,,,
RAIL,,,
RAMP,,,
RANI,,,
RAPP,,,
RAPT,,,
RARE,,,
RAVE,,,
RAYS,,,
RBA,,,
RBB,,,
RBBN,,,
RBC,,,
RBCAA,,,
RBLD,,,
RBLU,,,
RBLX,,,
RBRK,,,
RC,,,
RCAT,,,
RCEL,,,
RCI,,,
RCKT,,,
RCL,,,
RCON,,,
RCUS,,,
RDDT,,,
RDFN,,,
RDI,,,
RDIV,,,
RDN,,,
RDNT,,,
RDTE,,,
RDTL,,,
RDUS,,,
RDVI,,,
RDVT,,,
RDVY,,,
RDW,,,
RDWR,,,
RDY,,,
REAL,,,
REAX,,,
REE,,,
REET,,,
REFI,,,
REFR,,,
REG,,,
REGL,,,
REGN,,,
REI,,,
REK,,,
REKR,,,
REKT,,,
RELL,,,
RELX,,,
RELY,,,
REM,,,
REMX,,,
RENB,,,
REPL,,,
REPX,,,
RES,,,
RETL,,,
REVG,,,
REW,,,
REX,,,
REXR,,,
REYN,,,
REZ,,,
REZI,,,
RF,,,
RFG,,,
RFIL,,,
RFL,,,
RFV,,,
RGA,,,
RGCO,,,
RGEN,,,
RGLD,,,
RGLS,,,
RGNX,,,
RGP,,,
RGR,,,
RGTI,,,
RH,,,
RHI,,,
RHP,,,
RICK,,,
RIET,,,
RIG,,,
RIGL,,,
RILY,,,
RINC,,,
RINF,,,
RING,,,
RIO,,,
RIOT,,,
RIOX,,,
RITM,,,
RIVN,,,
RJF,,,
RKLB,,,
RKT,,,
RL,,,
RLAY,,,
RLGT,,,
RLI,,,
RLJ,,,
RLMD,,,
RLV,,,
RLX,,,
RLY,,,
RM,,,
RMAX,,,
RMBL,,,
RMBS,,,
RMD,,,
RMNI,,,
RMR,,,
RMTI,,,
RNA,,,
RNAC,,,
RNG,,,
RNGR,,,
RNLXY,,,
RNR,,,
RNST,,,
RNW,,,
ROAD,,,
ROBN,,,
ROBO,,,
ROBT,,,
ROCK,,,
RODM,,,
ROE,,,
ROG,,,
ROIV,,,
ROK,,,
ROKT,,,
ROKU,,,
ROL,,,
ROM,,,
ROOT,,,
ROP,,,
ROST,,,
RPAR,,,
RPAY,,,
RPD,,,
RPG,,,
RPHS,,,
RPM,,,
RPRX,,,
RPT,,,
RPTX,,,
RPV,,,
RRC,,,
RRGB,,,
RRR,,,
RRX,,,
RS,,,
RSG,,,
RSI,,,
RSKD,,,
RSP,,,
RSPC,,,
RSPD,,,
RSPF,,,
RSPG,,,
RSPH,,,
RSPM,,,
RSPN,,,
RSPR,,,
RSPS,,,
RSPT,,,
RSPU,,,
RSSL,,,
RSVR,,,
RTH,,,
RTO,,,
RTX,,,
RUI,,,
RUM,,,
RUN,,,
RUNN,,,
RUSHA,,,
RVLV,,,
RVMD,,,
RVP,,,
RVPH,,,
RVSB,,,
RVTY,,,
RWAY,,,
RWJ,,,
RWK,,,
RWL,,,
RWM,,,
RWO,,,
RWR,,,
RWT,,,
RWX,,,
RXD,,,
RXI,,,
RXL,,,
RXO,,,
RXRX,,,
RXST,,,
RXT,,,
RY,,,
RYAAY,,,
RYAM,,,
RYAN,,,
RYI,,,
RYLD,,,
RYLG,,,
RYN,,,
RYTM,,,
RZG,,,
RZLT,,,
RZLV,,,
RZV,,,
S,,,
SA,,,
SAA,,,
SABR,,,
SACH,,,
SAFE,,,
SAFT,,,
SAGE,,,
SAH,,,
SAIA,,,
SAIC,,,
SAIL,,,
SAM,,,
SAMG,,,
SAN,,,
SANA,,,
SAND,,,
SANM,,,
SAP,,,
SAR,,,
SARK,,,
SARO,,,
SASR,,,
SATL,,,
SATO,,,
SATS,,,
SAVA,,,
SB,,,
SBAC,,,
SBB,,,
SBCF,,,
SBEV,,,
SBGI,,,
SBH,,,
SBIO,,,
SBIT,,,
SBLK,,,
SBRA,,,
SBS,,,
SBSI,,,
SBSW,,,
SBT,,,
SBUX,,,
SCC,,,
SCCO,,,
SCHA,,,
SCHB,,,
SCHC,,,
SCHD,,,
SCHE,,,
SCHF,,,
SCHG,,,
SCHH,,,
SCHI,,,
SCHJ,,,
SCHK,,,
SCHL,,,
SCHM,,,
SCHO,,,
SCHP,,,
SCHR,,,
SCHV,,,
SCHW,,,
SCHX,,,
SCHY,,,
SCHZ,,,
SCI,,,
SCJ,,,
SCL,,,
SCLX,,,
SCM,,,
SCO,,,
SCPH,,,
SCS,,,
SCSC,,,
SCVL,,,
SCYX,,,
SCZ,,,
SD,,,
SDCCQ,,,
SDCI,,,
SDD,,,
SDEM,,,
SDGR,,,
SDIG,,,
SDIV,,,
SDOG,,,
SDOW,,,
SDP,,,
SDRL,,,
SDS,,,
SDVY,,,
SDY,,,
SE,,,
SEA,,,
SEAT,,,
SECT,,,
SEDG,,,
SEE,,,
SEER,,,
SEF,,,
SEG,,,
SEI,,,
SEIC,,,
SELF,,,
SEM,,,
SEMR,,,
SENS,,,
SEPN,,,
SERA,,,
SERV,,,
SES,,,
SETH,,,
SEVN,,,
SEZL,,,
SF,,,
SFBS,,,
SFIX,,,
SFL,,,
SFM,,,
SFNC,,,
SFST,,,
SFY,,,
SFYF,,,
SFYX,,,
SG,,,
SGC,,,
SGDJ,,,
SGDM,,,
SGHC,,,
SGHT,,,
SGI,,,
SGML,,,
SGMO,,,
SGMT,,,
SGOL,,,
SGOV,,,
SGRY,,,
SGU,,,
SH,,,
SHAK,,,
SHBI,,,
SHC,,,
SHCO,,,
SHE,,,
SHEL,,,
SHEN,,,
SHG,,,
SHIP,,,
SHLD,,,
SHLS,,,
SHM,,,
SHO,,,
SHOO,,,
SHOP,,,
SHOT,,,
SHV,,,
SHW,,,
SHY,,,
SHYF,,,
SHYG,,,
SIBN,,,
SID,,,
SIEB,,,
SIFY,,,
SIG,,,
SIGA,,,
SIGI,,,
SII,,,
SIJ,,,
SIL,,,
SILA,,,
SILJ,,,
SIMO,,,
SIMS,,,
SIRI,,,
SITC,,,
SITE,,,
SITM,,,
SIVR,,,
SIXG,,,
SIZE,,,
SJB,,,
SJM,,,
SJNK,,,
SJT,,,
SJW,,,
SKE,,,
SKF,,,
SKIN,,,
SKLZ,,,
SKM,,,
SKRE,,,
SKT,,,
SKWD,,,
SKX,,,
SKY,,,
SKYE,,,
SKYH,,,
SKYT,,,
SKYU,,,
SKYW,,,
SKYY,,,
SLAB,,,
SLB,,,
SLDB,,,
SLDP,,,
SLF,,,
SLG,,,
SLGL,,,
SLGN,,,
SLI,,,
SLM,,,
SLN,,,
SLNO,,,
SLP,,,
SLQD,,,
SLQT,,,
SLRC,,,
SLRN,,,
SLS,,,
SLSR,,,
SLV,,,
SLVM,,,
SLVP,,,
SLVR,,,
SLX,,,
SLYG,,,
SLYV,,,
SM,,,
SMB,,,
SMBC,,,
SMBK,,,
SMC,,,
SMCF,,,
SMCI,,,
SMCX,,,
SMCY,,,
SMDD,,,
SMDV,,,
SMFG,,,
SMG,,,
SMH,,,
SMHI,,,
SMHX,,,
SMIN,,,
SMLF,,,
SMLL,,,
SMLR,,,
SMLV,,,
SMMD,,,
SMMT,,,
SMN,,,
SMOG,,,
SMOT,,,
SMP,,,
SMPL,,,
SMR,,,
SMRT,,,
SMSI,,,
SMST,,,
SMTC,,,
SMWB,,,
SN,,,
SNA,,,
SNAP,,,
SNBR,,,
SNCR,,,
SNCY,,,
SND,,,
SNDK,,,
SNDL,,,
SNDR,,,
SNDX,,,
SNEX,,,
SNN,,,
SNOU,,,
SNOW,,,
SNOY,,,
SNPE,,,
SNPS,,,
SNSR,,,
SNV,,,
SNX,,,
SNY,,,
SO,,,
SOBO,,,
SOC,,,
SOCL,,,
SOFI,,,
SOFX,,,
SOGP,,,
SOHU,,,
SOL,,,
SOLV,,,
SON,,,
SOND,,,
SONO,,,
SONY,,,
SOPH,,,
SOUN,,,
SOXL,,,
SOXQ,,,
SOXS,,,
SOXX,,,
SOXY,,,
SOYB,,,
SPAB,,,
SPB,,,
SPBC,,,
SPBO,,,
SPC,,,
SPCE,,,
SPCX,,,
SPD,,,
SPDN,,,
SPDW,,,
SPEM,,,
SPEU,,,
SPFF,,,
SPFI,,,
SPG,,,
SPGI,,,
SPGM,,,
SPGP,,,
SPH,,,
SPHB,,,
SPHD,,,
SPHQ,,,
SPHR,,,
SPHY,,,
SPIB,,,
SPIEF,,,
SPIP,,,
SPIR,,,
SPLB,,,
SPLG,,,
SPLV,,,
SPMB,,,
SPMD,,,
SPMO,,,
SPMV,,,
SPNS,,,
SPNT,,,
SPOK,,,
SPOT,,,
SPR,,,
SPRB,,,
SPRO,,,
SPRU,,,
SPRX,,,
SPRY,,,
SPSB,,,
SPSC,,,
SPSM,,,
SPT,,,
SPTI,,,
SPTL,,,
SPTM,,,
SPTN,,,
SPTS,,,
SPUU,,,
SPVM,,,
SPVU,,,
SPWH,,,
SPX,,,
SPXC,,,
SPXE,,,
SPXL,,,
SPXN,,,
SPXS,,,
SPXT,,,
SPXU,,,
SPXV,,,
SPY,,,
SPYD,,,
SPYG,,,
SPYI,,,
SPYQ,,,
SPYT,,,
SPYV,,,
SPYX,,,
SQFT,,,
SQM,,,
SQNS,,,
SQQQ,,,
SQY,,,
SR,,,
SRAD,,,
SRCE,,,
SRDX,,,
SRE,,,
SRET,,,
SRG,,,
SRI,,,
SRL,,,
SRLN,,,
SRPT,,,
SRRK,,,
SRS,,,
SRTS,,,
SRTY,,,
SRVR,,,
SSB,,,
SSD,,,
SSG,,,
SSL,,,
SSNC,,,
SSO,,,
SSP,,,
SSRM,,,
SSSS,,,
SST,,,
SSTI,,,
SSTK,,,
SSUS,,,
SSYS,,,
ST,,,
STAA,,,
STAG,,,
STBA,,,
STC,,,
STCE,,,
STE,,,
STEM,,,
STEP,,,
STGW,,,
STHO,,,
STIM,,,
STIP,,,
STKH,,,
STKL,,,
STKS,,,
STLA,,,
STLD,,,
STM,,,
STN,,,
STNE,,,
STNG,,,
STOK,,,
STPZ,,,
STR,,,
STRA,,,
STRL,,,
STRO,,,
STRV,,,
STRZ,,,
STT,,,
STTK,,,
STVN,,,
STWD,,,
STX,,,
STXE,,,
STXS,,,
STZ,,,
SU,,,
SUI,,,
SUN,,,
SUNS,,,
SUP,,,
SUPL,,,
SUPN,,,
SUPV,,,
SURG,,,
SUSA,,,
SUSB,,,
SUSL,,,
SUZ,,,
SVAL,,,
SVC,,,
SVIX,,,
SVM,,,
SVOL,,,
SVRA,,,
SVV,,,
SVXY,,,
SW,,,
SWAN,,,
SWBI,,,
SWI,,,
SWIM,,,
SWK,,,
SWKS,,,
SWTX,,,
SWX,,,
SXC,,,
SXI,,,
SXT,,,
SY,,,
SYBT,,,
SYF,,,
SYK,,,
SYLD,,,
SYM,,,
SYNA,,,
SYPR,,,
SYRE,,,
SYRS,,,
SYY,,,
SZK,,,
T,,,
TAC,,,
TACT,,,
TAGS,,,
TAIL,,,
TAK,,,
TAL,,,
TALK,,,
TALO,,,
TAN,,,
TAP,,,
TARA,,,
TARK,,,
TARS,,,
TASK,,,
TBBB,,,
TBBK,,,
TBCH,,,
TBF,,,
TBI,,,
TBIL,,,
TBLA,,,
TBLU,,,
TBNK,,,
TBPH,,,
TBRG,,,
TBT,,,
TCBI,,,
TCBK,,,
TCHI,,,
TCMD,,,
TCOM,,,
TCPC,,,
TCX,,,
TD,,,
TDC,,,
TDG,,,
TDIV,,,
TDOC,,,
TDS,,,
TDSC,,,
TDTT,,,
TDUP,,,
TDV,,,
TDW,,,
TDY,,,
TE,,,
TEAM,,,
TECB,,,
TECH,,,
TECK,,,
TECL,,,
TECS,,,
TECX,,,
TEF,,,
TEL,,,
TELA,,,
TEM,,,
TEN,,,
TENB,,,
TEO,,,
TER,,,
TERN,,,
TESL,,,
TEVA,,,
TEX,,,
TFC,,,
TFI,,,
TFII,,,
TFIN,,,
TFLO,,,
TFPM,,,
TFSL,,,
TFX,,,
TG,,,
TGB,,,
TGI,,,
TGLS,,,
TGNA,,,
TGS,,,
TGT,,,
TGTX,,,
TH,,,
THC,,,
THCH,,,
THD,,,
THFF,,,
THG,,,
THLV,,,
THNQ,,,
THO,,,
THR,,,
THRD,,,
THRM,,,
THRO,,,
THRY,,,
THS,,,
THTX,,,
TIGO,,,
TIGR,,,
TILE,,,
TILL,,,
TIMB,,,
TIME,,,
TINT,,,
TINY,,,
TIOG,,,
TIP,,,
TIPT,,,
TIPX,,,
TITN,,,
TIXT,,,
TJX,,,
TK,,,
TKC,,,
TKO,,,
TKR,,,
TLH,,,
TLN,,,
TLPH,,,
TLRY,,,
TLS,,,
TLSA,,,
TLT,,,
TLYS,,,
TM,,,
TMAT,,,
TMC,,,
TMCI,,,
TMDV,,,
TMDX,,,
TME,,,
TMF,,,
TMFC,,,
TMHC,,,
TMO,,,
TMP,,,
TMQ,,,
TMUS,,,
TMV,,,
TNA,,,
TNC,,,
TNDM,,,
TNET,,,
TNGX,,,
TNK,,,
TNL,,,
TNYA,,,
TOKE,,,
TOL,,,
TOLZ,,,
TOON,,,
TOPT,,,
TORO,,,
TOST,,,
TOTL,,,
TOUR,,,
TOWN,,,
TPB,,,
TPC,,,
TPG,,,
TPH,,,
TPIC,,,
TPL,,,
TPOR,,,
TPR,,,
TPST,,,
TPVG,,,
TPYP,,,
TQQQ,,,
TR,,,
TRAK,,,
TRC,,,
TRDA,,,
TREE,,,
TREX,,,
TRFK,,,
TRGP,,,
TRI,,,
TRIB,,,
TRIN,,,
TRIP,,,
TRMB,,,
TRMD,,,
TRMK,,,
TRML,,,
TRN,,,
TRNO,,,
TRNS,,,
TROO,,,
TROW,,,
TROX,,,
TRP,,,
TRS,,,
TRST,,,
TRTX,,,
TRU,,,
TRUE,,,
TRUP,,,
TRV,,,
TRVG,,,
TRVI,,,
TRX,,,
TS,,,
TSAT,,,
TSBK,,,
TSCO,,,
TSDD,,,
TSE,,,
TSEM,,,
TSHA,,,
TSL,,,
TSLA,,,
TSLG,,,
TSLL,,,
TSLP,,,
TSLQ,,,
TSLR,,,
TSLS,,,
TSLT,,,
TSLX,,,
TSLY,,,
TSLZ,,,
TSM,,,
TSMU,,,
TSMY,,,
TSN,,,
TSPY,,,
TSQ,,,
TSSI,,,
TSVT,,,
TSW,,,
TT,,,
TTAN,,,
TTC,,,
TTD,,,
TTE,,,
TTEC,,,
TTEK,,,
TTGT,,,
TTI,,,
TTMI,,,
TTSH,,,
TTT,,,
TTWO,,,
TU,,,
TUA,,,
TUPBQ,,,
TUR,,,
TURN,,,
TUSK,,,
TUYA,,,
TV,,,
TVTX,,,
TW,,,
TWI,,,
TWIN,,,
TWLO,,,
TWM,,,
TWO,,,
TWST,,,
TX,,,
TXG,,,
TXMD,,,
TXN,,,
TXNM,,,
TXO,,,
TXRH,,,
TXT,,,
TYD,,,
TYL,,,
TYLG,,,
TYO,,,
TYRA,,,
TZA,,,
TZOO,,,
U,,,
UA,,,
UAA,,,
UAL,,,
UAMY,,,
UAN,,,
UBER,,,
UBFO,,,
UBOT,,,
UBR,,,
UBRL,,,
UBS,,,
UBSI,,,
UBT,,,
UBX,,,
UCB,,,
UCC,,,
UCO,,,
UCTT,,,
UCYB,,,
UDMY,,,
UDN,,,
UDOW,,,
UDR,,,
UE,,,
UEC,,,
UEIC,,,
UFCS,,,
UFI,,,
UFO,,,
UFPI,,,
UFPT,,,
UGA,,,
UGE,,,
UGI,,,
UGL,,,
UGP,,,
UGRO,,,
UHAL,,,
UHAL_B,,,
UHS,,,
UHT,,,
UIS,,,
UL,,,
ULBI,,,
ULCC,,,
ULE,,,
ULS,,,
ULTA,,,
ULTY,,,
UMAC,,,
UMBF,,,
UMC,,,
UMDD,,,
UMH,,,
UNF,,,
UNFI,,,
UNG,,,
UNH,,,
UNIT,,,
UNL,,,
UNM,,,
UNP,,,
UNTY,,,
UONE,,,
UONEK,,,
UP,,,
UPAR,,,
UPBD,,,
UPGR,,,
UPLD,,,
UPRO,,,
UPS,,,
UPST,,,
UPV,,,
UPW,,,
UPWK,,,
URA,,,
URAX,,,
URBN,,,
URE,,,
URGN,,,
URI,,,
URNJ,,,
URNM,,,
UROY,,,
URTH,,,
URTY,,,
USAC,,,
USAI,,,
USAR,,,
USAU,,,
USB,,,
USCI,,,
USD,,,
USDU,,,
USFD,,,
USFR,,,
USG,,,
USHY,,,
USIG,,,
USIO,,,
USL,,,
USLM,,,
USM,,,
USMC,,,
USMF,,,
USMV,,,
USNA,,,
USO,,,
USOY,,,
USPH,,,
USPX,,,
USRD,,,
USRT,,,
UST,,,
USXF,,,
UTEN,,,
UTHR,,,
UTHY,,,
UTI,,,
UTL,,,
UTSL,,,
UTWO,,,
UTWY,,,
UTY,,,
UTZ,,,
UUP,,,
UUUU,,,
UVE,,,
UVIX,,,
UVSP,,,
UVV,,,
UVXY,,,
UWM,,,
UWMC,,,
UX,,,
UXI,,,
UYG,,,
UYM,,,
V,,,
VAC,,,
VAL,,,
VALE,,,
VALQ,,,
VANI,,,
VAW,,,
VB,,,
VBK,,,
VBNK,,,
VBR,,,
VBTX,,,
VC,,,
VCEB,,,
VCEL,,,
VCIT,,,
VCLT,,,
VCR,,,
VCRB,,,
VCSH,,,
VCTR,,,
VCYT,,,
VDC,,,
VDE,,,
VEA,,,
VECO,,,
VEEV,,,
VEGI,,,
VEGN,,,
VEL,,,
VEON,,,
VERA,,,
VERI,,,
VERS,,,
VERU,,,
VERV,,,
VERX,,,
VET,,,
VEU,,,
VFC,,,
VFF,,,
VFH,,,
VFMF,,,
VFMO,,,
VFMV,,,
VFQY,,,
VFS,,,
VFVA,,,
VG,,,
VGIT,,,
VGK,,,
VGLT,,,
VGSH,,,
VGT,,,
VGZ,,,
VHT,,,
VIAV,,,
VICE,,,
VICI,,,
VICR,,,
VIG,,,
VIGI,,,
VIK,,,
VINP,,,
VIOG,,,
VIOO,,,
VIOV,,,
VIPS,,,
VIR,,,
VIRC,,,
VIRT,,,
VIRX,,,
VIS,,,
VIST,,,
VITL,,,
VIV,,,
VIXM,,,
VIXY,,,
VKTX,,,
VLDX,,,
VLN,,,
VLO,,,
VLRS,,,
VLTO,,,
VLU,,,
VLUE,,,
VLY,,,
VMBS,,,
VMC,,,
VMD,,,
VMEO,,,
VMI,,,
VNDA,,,
VNET,,,
VNLA,,,
VNO,,,
VNOM,,,
VNQ,,,
VNQI,,,
VNRX,,,
VNT,,,
VO,,,
VOC,,,
VOD,,,
VOE,,,
VONE,,,
VONG,,,
VONV,,,
VOO,,,
VOOG,,,
VOOV,,,
VOR,,,
VOT,,,
VOX,,,
VOXX,,,
VOYA,,,
VPG,,,
VPL,,,
VPLS,,,
VPU,,,
VRA,,,
VRAR,,,
VRCA,,,
VRDN,,,
VRE,,,
VREX,,,
VRN,,,
VRNA,,,
VRNS,,,
VRNT,,,
VRP,,,
VRRM,,,
VRSK,,,
VRSN,,,
VRT,,,
VRTL,,,
VRTX,,,
VSAT,,,
VSCO,,,
VSDA,,,
VSEC,,,
VSGX,,,
VSH,,,
VSS,,,
VST,,,
VSTM,,,
VSTS,,,
VT,,,
VTC,,,
VTEB,,,
VTEC,,,
VTEI,,,
VTES,,,
VTEX,,,
VTGN,,,
VTHR,,,
VTI,,,
VTIP,,,
VTLE,,,
VTOL,,,
VTR,,,
VTRS,,,
VTS,,,
VTSI,,,
VTV,,,
VTWG,,,
VTWO,,,
VTWV,,,
VTYX,,,
VUG,,,
VUSB,,,
VUZI,,,
VV,,,
VVV,,,
VVX,,,
VWO,,,
VWOB,,,
VXF,,,
VXRT,,,
VXUS,,,
VXX,,,
VXZ,,,
VYGR,,,
VYM,,,
VYMI,,,
VYX,,,
VZ,,,
W,,,
WAB,,,
WABC,,,
WAFD,,,
WAL,,,
WANT,,,
WASH,,,
WAT,,,
WAY,,,
WB,,,
WBA,,,
WBAT,,,
WBD,,,
WBS,,,
WBTN,,,
WBX,,,
WCBR,,,
WCC,,,
WCLD,,,
WCN,,,
WD,,,
WDAY,,,
WDC,,,
WDFC,,,
WDIV,,,
WDNA,,,
WDS,,,
WDTE,,,
WEAT,,,
WEAV,,,
WEBL,,,
WEBS,,,
WEC,,,
WEED,,,
WELL,,,
WEN,,,
WERN,,,
WES,,,
WEST,,,
WEX,,,
WFC,,,
WFG,,,
WFH,,,
WFRD,,,
WGMI,,,
WGO,,,
WGS,,,
WH,,,
WHD,,,
WHF,,,
WHG,,,
WHR,,,
WHWK,,,
WIMI,,,
WING,,,
WIP,,,
WISE,,,
WIT,,,
WIX,,,
WK,,,
WKC,,,
WKHS,,,
WKSP,,,
WLDN,,,
WLK,,,
WLKP,,,
WLY,,,
WM,,,
WMB,,,
WMG,,,
WMK,,,
WMS,,,
WMT,,,
WNC,,,
WNDY,,,
WNEB,,,
WNS,,,
WOLF,,,
WOOD,,,
WOOF,,,
WOR,,,
WOW,,,
WPC,,,
WPM,,,
WPP,,,
WPRT,,,
WRAP,,,
WRB,,,
WRBY,,,
WRD,,,
WS,,,
WSBC,,,
WSBF,,,
WSC,,,
WSFS,,,
WSM,,,
WSO,,,
WSR,,,
WST,,,
WT,,,
WTAI,,,
WTBA,,,
WTFC,,,
WTI,,,
WTMF,,,
WTPI,,,
WTRE,,,
WTRG,,,
WTS,,,
WTTR,,,
WTV,,,
WTW,,,
WU,,,
WULF,,,
WVE,,,
WW,,,
WWD,,,
WWR,,,
WWW,,,
WY,,,
WYNN,,,
WYY,,,
X,,,
XAIR,,,
XAR,,,
XAU,,,
XBI,,,
XBIL,,,
XBIT,,,
XC,,,
XCEM,,,
XDAT,,,
XDTE,,,
XEL,,,
XELA,,,
XENE,,,
XERS,,,
XES,,,
XFOR,,,
XGN,,,
XHB,,,
XHE,,,
XHR,,,
XHS,,,
XHYC,,,
XHYD,,,
XHYE,,,
XHYF,,,
XHYH,,,
XHYI,,,
XHYT,,,
XIFR,,,
XITK,,,
XLB,,,
XLC,,,
XLE,,,
XLF,,,
XLG,,,
XLI,,,
XLK,,,
XLP,,,
XLRE,,,
XLSR,,,
XLU,,,
XLV,,,
XLY,,,
XMAG,,,
XME,,,
XMHQ,,,
XMLV,,,
XMMO,,,
XMTR,,,
XMVM,,,
XNCR,,,
XNET,,,
XNTK,,,
XOM,,,
XOMA,,,
XOMO,,,
XOP,,,
XOVR,,,
XP,,,
XPEL,,,
XPER,,,
XPEV,,,
XPH,,,
XPND,,,
XPO,,,
XPOF,,,
XPP,,,
XPRO,,,
XRAY,,,
XRLV,,,
XRMI,,,
XRT,,,
XRX,,,
XSD,,,
XSHD,,,
XSHQ,,,
XSLV,,,
XSMO,,,
XSOE,,,
XSP,,,
XSVM,,,
XSW,,,
XT,,,
XTL,,,
XTN,,,
XVOL,,,
XVV,,,
XXCH,,,
XYL,,,
XYLD,,,
XYLG,,,
XYLO,,,
XYZ,,,
XYZY,,,
YALA,,,
YALL,,,
YANG,,,
YBIT,,,
YBTC,,,
YCL,,,
YCS,,,
YELP,,,
YETH,,,
YETI,,,
YEXT,,,
YINN,,,
YLD,,,
YMAB,,,
YMAG,,,
YMAX,,,
YMM,,,
YOLO,,,
YORW,,,
YOU,,,
YPF,,,
YQ,,,
YQQQ,,,
YRD,,,
YSG,,,
YUM,,,
YUMC,,,
YXI,,,
YY,,,
YYY,,,
Z,,,
ZBH,,,
ZBRA,,,
ZD,,,
ZDGE,,,
ZENA,,,
ZEPP,,,
ZETA,,,
ZEUS,,,
ZG,,,
ZGN,,,
ZH,,,
ZHDG,,,
ZI,,,
ZIM,,,
ZIMV,,,
ZION,,,
ZIP,,,
ZK,,,
ZLAB,,,
ZM,,,
ZNTL,,,
ZROZ,,,
ZS,,,
ZSL,,,
ZTO,,,
ZTS,,,
ZUMZ,,,
ZURA,,,
ZVIA,,,
ZVRA,,,
ZWS,,,
ZYME,,,
ZYXI,,,
ZZZ,,,
